author_id,paper_id,corresponding
57817720300,10.1145/3615833.3628590,True
56683300200,10.1145/3615833.3628590,False
57190389317,10.1145/3615833.3628590,False
57988186300,10.1145/3577163.3595091,True
8450365500,10.1145/3577163.3595091,False
7101884567,10.1145/3577163.3595091,False
55474342700,10.1145/3577163.3595091,False
58114951000,10.5194/isprs-archives-XLVIII-4-W6-2022-261-2023,True
57837738200,10.5194/isprs-archives-XLVIII-4-W6-2022-261-2023,False
57220961632,10.5194/isprs-archives-XLVIII-4-W6-2022-261-2023,False
57203496287,10.5194/isprs-archives-XLVIII-4-W6-2022-261-2023,False
6504559462,10.5194/isprs-archives-XLVIII-4-W6-2022-261-2023,False
57191833665,10.5194/isprs-archives-XLVIII-4-W6-2022-261-2023,False
58940125500,10.1145/3638837.3638845,True
58940014100,10.1145/3638837.3638845,False
57794992300,10.3233/ATDE221245,True
58132631900,10.3233/ATDE221245,False
58132047700,10.3233/ATDE221245,False
58132244900,10.3233/ATDE221245,False
58872679100,10.1145/3634848.3634859,True
58872862600,10.1145/3634848.3634859,False
58872739100,10.1145/3634848.3634859,False
57206206494,10.1145/3634848.3634859,False
58577738900,10.1145/3634848.3634859,False
57195264500,10.1145/3634848.3634859,False
58682135700,10.1145/3584371.3612997,True
20635241600,10.1145/3584371.3612997,False
57215603380,10.4230/LIPIcs.ICDT.2023.6,True
57218846945,10.4230/LIPIcs.ICDT.2023.6,False
7402420191,10.4230/LIPIcs.ICDT.2023.6,False
57215603380,10.4230/LIPIcs.ICDT.2023.24,True
57218846945,10.4230/LIPIcs.ICDT.2023.24,False
7402420191,10.4230/LIPIcs.ICDT.2023.24,False
57215603380,10.4230/LIPIcs.ICDT.2023.14,True
57218846945,10.4230/LIPIcs.ICDT.2023.14,False
7402420191,10.4230/LIPIcs.ICDT.2023.14,False
57215603380,10.4230/LIPIcs.ICDT.2023.7,True
57218846945,10.4230/LIPIcs.ICDT.2023.7,False
7402420191,10.4230/LIPIcs.ICDT.2023.7,False
57215603380,10.4230/LIPIcs.ICDT.2023.5,True
57218846945,10.4230/LIPIcs.ICDT.2023.5,False
7402420191,10.4230/LIPIcs.ICDT.2023.5,False
57215603380,10.4230/LIPIcs.ICDT.2023.8,True
57218846945,10.4230/LIPIcs.ICDT.2023.8,False
7402420191,10.4230/LIPIcs.ICDT.2023.8,False
56818807700,10.4230/LIPIcs.ICDT.2023.22,True
57219497245,10.4230/LIPIcs.ICDT.2023.22,False
14022951100,10.4230/LIPIcs.ICDT.2023.22,False
25825503500,10.4230/LIPIcs.ICDT.2023.12,True
57215855429,10.4230/LIPIcs.ICDT.2023.12,False
53264913500,10.4230/LIPIcs.ICDT.2023.12,False
17435938600,10.4230/LIPIcs.ICDT.2023.3,True
55536783800,10.4230/LIPIcs.ICDT.2023.19,True
57866874600,10.4230/LIPIcs.ICDT.2023.19,False
58154296800,10.4230/LIPIcs.ICDT.2023.19,False
57439191200,10.4230/LIPIcs.ICDT.2023.19,False
7004249112,10.4230/LIPIcs.ICDT.2023.20,True
57203821318,10.4230/LIPIcs.ICDT.2023.20,False
57195279218,10.4230/LIPIcs.ICDT.2023.20,False
58080932100,10.4230/LIPIcs.ICDT.2023.10,True
7005093825,10.4230/LIPIcs.ICDT.2023.10,False
36609016200,10.4230/LIPIcs.ICDT.2023.10,False
57222991259,10.1145/3584371.3612990,True
57350122100,10.1145/3584371.3612990,False
57207601856,10.1145/3584371.3613022,True
7004553807,10.1145/3584371.3613022,False
7006168340,10.1145/3584371.3613022,False
57189342034,10.1145/3620678.3624668,True
55832716900,10.1145/3620678.3624668,False
57203231767,10.1145/3620678.3624668,False
55719823500,10.1145/3620678.3624668,False
57198770054,10.1145/3620678.3624668,False
57971901500,10.1145/3620678.3624668,False
57211338943,10.1145/3588195.3592982,True
55918177200,10.1145/3588195.3592982,False
57195495911,10.1145/3588195.3592982,False
57218827261,10.1145/3588195.3592982,False
57219424073,10.1145/3588195.3592982,False
57218605522,10.1145/3588195.3592982,False
57211430431,10.1145/3588195.3595942,True
56457133900,10.1145/3588195.3595942,False
57212227554,10.1145/3583120.3586957,True
16033426700,10.1145/3583120.3586957,False
23135842600,10.1145/3583120.3586957,False
36167487200,10.1145/3583120.3586957,False
8619696100,10.1145/3583120.3586957,False
7004708564,10.1145/3583120.3586957,False
58288560600,10.1145/3552326.3567494,True
12144232100,10.1145/3552326.3567494,False
55417848300,10.1145/3552326.3567494,False
58288332600,10.1145/3552326.3587434,True
58288654900,10.1145/3552326.3587434,False
57219253258,10.1145/3552326.3587434,False
7101653846,10.1145/3552326.3587434,False
8859945700,10.1145/3552326.3587434,False
58288426600,10.1145/3552326.3567492,True
58288611100,10.1145/3552326.3567492,False
24829518000,10.1145/3552326.3567492,False
57295191400,10.1145/3552326.3567492,False
58113383300,10.1145/3620678.3624656,True
58662582900,10.1145/3620678.3624656,False
58112446900,10.1145/3620678.3624656,False
58112685500,10.1145/3620678.3624656,False
36706133600,10.1145/3620678.3624656,False
58260990600,10.1145/3620678.3624656,False
58743495200,10.1145/3620678.3624656,False
14022136000,10.1145/3620678.3624656,False
57202507438,10.1145/3544549.3585794,True
57200603870,10.5194/isprs-archives-XLVIII-1-W1-2023-311-2023,True
57208735683,10.5194/isprs-archives-XLVIII-1-W1-2023-511-2023,True
56542979000,10.5194/isprs-archives-XLVIII-1-W1-2023-511-2023,False
57211147824,10.1145/3544549.3585884,True
57144592500,10.1145/3544549.3585884,False
58237738700,10.1145/3544549.3585884,False
57195622102,10.1145/3544549.3585884,False
57014349100,10.1145/3544549.3585884,False
58535532000,10.1145/3576841.3589614,True
6601985288,10.1145/3576841.3589614,False
57993966700,10.1145/3576841.3589614,False
57209226638,10.1145/3630202.3630225,True
10141380000,10.1145/3630202.3630225,False
56468509100,10.1145/3630202.3630225,False
58062829200,10.1145/3583133.3590662,True
55837873400,10.1145/3583133.3590662,False
57203917175,10.1145/3583133.3590662,False
57853114900,10.1145/3583133.3590662,False
56685669300,10.1145/3583133.3590662,False
58775862500,10.1145/3616712.3616791,True
56180337500,10.1145/3616712.3616791,False
56820195200,10.1145/3616712.3616791,False
35264335800,10.1145/3616712.3616791,False
58539791700,10.1145/3614321.3614381,True
58771087900,10.1145/3614321.3614381,False
6504812746,10.1145/3614321.3614381,False
58736905100,10.1145/3615522.3615529,True
53983313300,10.1145/3615522.3615529,False
8157676300,10.1145/3615522.3615555,True
7101719136,10.1145/3579856.3582826,True
36895320900,10.1145/3579856.3582826,False
57209781010,10.1145/3579856.3582826,False
58205133300,10.1145/3579856.3582826,False
57191262200,10.1145/3579856.3582826,False
36450747100,10.1145/3609956.3609968,True
26867687500,10.1145/3609956.3609968,False
55258509400,10.1145/3609956.3609968,False
13805680200,10.1145/3609956.3609968,False
16548747700,10.1145/3609956.3609968,False
57211567723,10.1145/3596225.3596230,True
14028554500,10.1145/3596225.3596230,False
35096497700,10.1145/3596225.3596230,False
57194493671,10.1145/3596225.3596230,False
55939258500,10.1145/3596225.3596230,False
57193994688,10.1145/3592980.3595316,True
58411839200,10.1145/3592980.3595316,False
57210978331,10.1145/3592980.3595316,False
7501899944,10.1145/3592980.3595316,False
57204302200,10.1145/3592980.3595316,False
57217237117,10.1145/3592980.3595300,True
57217238484,10.1145/3592980.3595300,False
8856653600,10.1145/3592980.3595300,False
18935722800,10.1145/3592980.3595300,False
55927230000,10.1145/3592980.3595317,True
57274970100,10.1145/3592980.3595317,False
57217014026,10.1145/3592980.3595312,True
24335052400,10.1145/3592980.3595312,False
8963494900,10.1145/3592980.3595312,False
58411077300,10.1145/3592980.3595304,True
57193844679,10.1145/3592980.3595304,False
57131076000,10.1145/3592980.3595304,False
6602853794,10.1145/3592980.3595304,False
56133752400,10.1145/3592980.3595311,True
57216647569,10.1145/3592980.3595311,False
57216646563,10.1145/3592980.3595311,False
56285539100,10.1145/3592980.3595311,False
54389894400,10.1145/3592980.3595311,False
57216649907,10.1145/3592980.3595311,False
6507732735,10.1145/3592980.3595311,False
58412611800,10.1145/3592980.3595311,False
58416431300,10.1145/3592980.3595311,False
57204780412,10.1145/3592980.3595323,True
57217014442,10.1145/3592980.3595323,False
55939258500,10.1145/3592980.3595323,False
56904156000,10.1145/3595647.3595651,True
56903681300,10.1145/3595647.3595651,False
16548747700,10.1145/3595647.3595651,False
57471426900,10.1145/3617694.3623223,True
56144702700,10.1145/3617694.3623223,False
56394228400,10.1145/3617694.3623223,False
57207566447,10.1145/3603165.3607435,True
35956632500,10.1109/MODELS-C59198.2023.00009,True
57440016000,10.1109/MODELS-C59198.2023.00009,False
57193642141,10.1109/MODELS-C59198.2023.00009,False
57945783900,10.1109/MODELS-C59198.2023.00009,False
57565477300,10.1109/MODELS-C59198.2023.00009,False
24723160000,10.1109/MODELS-C59198.2023.00009,False
57566721900,10.1109/MODELS-C59198.2023.00009,False
57223379103,10.1145/3555041.3589402,True
22733268800,10.1145/3555041.3589402,False
22734937400,10.1145/3555041.3589402,False
57193576827,10.1145/3555041.3589404,True
22234205300,10.1145/3555041.3589404,False
57238778900,10.1145/3555041.3589404,False
57226847008,10.1145/3555041.3589404,False
8395934400,10.1145/3555041.3589404,False
57462233000,10.1145/3555041.3589404,False
16230823200,10.1145/3555041.3589404,False
57421349300,10.1145/3555041.3589400,True
57568003600,10.1145/3555041.3589400,False
6508185861,10.5194/isprs-archives-XLVIII-4-W7-2023-261-2023,True
6507480049,10.5194/isprs-archives-XLVIII-4-W7-2023-261-2023,False
57164717700,10.5194/isprs-archives-XLVIII-4-W7-2023-261-2023,False
57189098382,10.5194/isprs-archives-XLVIII-4-W7-2023-261-2023,False
57208737479,10.5194/isprs-archives-XLVIII-M-2-2023-1665-2023,True
57192116922,10.5194/isprs-archives-XLVIII-M-2-2023-1665-2023,False
42262495200,10.1145/3555041.3590817,True
55699245700,10.1145/3555041.3590817,False
35096497700,10.1145/3555041.3590816,True
7801574849,10.1145/3555041.3590816,False
57211998540,10.48786/edbt.2023.53,True
23396672600,10.48786/edbt.2023.53,False
23391752700,10.48786/edbt.2023.53,False
26642953300,10.48786/edbt.2023.53,False
57204152461,10.48786/edbt.2023.53,False
57201405085,10.48786/edbt.2023.48,True
56272656400,10.48786/edbt.2023.48,False
56353512400,10.48786/edbt.2023.48,False
6701415938,10.48786/edbt.2023.48,False
56340229900,10.48786/edbt.2023.74,True
57205474260,10.48786/edbt.2023.74,False
6506220454,10.48786/edbt.2023.74,False
7003811650,10.48786/edbt.2023.74,False
58112466000,10.48786/edbt.2023.74,False
57767169900,10.48786/edbt.2023.42,True
24559372400,10.48786/edbt.2023.42,False
57218476016,10.48786/edbt.2023.52,True
57216647226,10.48786/edbt.2023.52,False
23135482100,10.48786/edbt.2023.52,False
58793334300,10.1145/3627341.3630376,True
57219243689,10.1145/3627341.3630376,False
58793304700,10.1145/3627341.3630376,False
58793161400,10.1145/3627341.3630376,False
57283128400,10.1145/3637494.3637516,True
57194048421,10.1145/3637494.3637516,False
7201437359,10.1145/3637494.3637516,False
57194833958,10.1145/3543873.3587563,True
58070682700,10.1145/3543873.3587586,True
57878835100,10.1145/3543873.3587586,False
56183769400,10.1145/3543873.3587586,False
57222723497,10.1145/3543873.3587586,False
57217183830,10.1145/3543873.3587586,False
57217139187,10.1145/3618257.3624843,True
57337005800,10.1145/3618257.3624843,False
58706880900,10.1145/3618257.3624843,False
55318683200,10.1145/3618257.3624843,False
57211693206,10.1145/3618257.3624843,False
10142863200,10.1145/3618257.3624843,False
57204872056,10.1145/3618257.3624843,False
57221431048,10.1145/3593856.3595905,True
55336403500,10.1145/3593856.3595905,False
35593393300,10.1145/3593856.3595905,False
57233219000,10.1145/3631802.3631821,True
57217078907,10.1145/3631802.3631821,False
7201595023,10.1145/3631802.3631821,False
6504773964,10.1145/3631802.3631821,False
57021823200,10.1145/3579027.3608990,True
8694723200,10.1145/3579027.3608990,False
23397760700,10.1145/3579027.3608990,False
13403686900,10.1145/3579027.3608990,False
7006367625,10.1145/3589462.3589488,True
56940561300,10.1145/3572848.3577433,True
56940000100,10.1145/3572848.3577433,False
6701409064,10.1145/3572848.3577433,False
58120643900,10.1145/3580305.3599543,True
57199261878,10.1145/3580305.3599543,False
57225815341,10.1145/3580305.3599543,False
57203105806,10.1145/3580305.3599543,False
57203396812,10.1145/3580305.3599543,False
58583813100,10.1145/3580305.3599405,True
58582491400,10.1145/3580305.3599405,False
13610279900,10.1145/3580305.3599405,False
57203762231,10.1145/3580305.3599395,True
58594251100,10.1145/3580305.3599395,False
57200497367,10.1145/3580305.3599395,False
57218441279,10.1145/3580305.3599352,True
12787700800,10.1145/3580305.3599352,False
6602531754,10.1145/3580305.3599352,False
58927738500,10.1145/3627535.3638478,True
58927478600,10.1145/3627535.3638478,False
58927605800,10.1145/3627535.3638478,False
58927541900,10.1145/3627535.3638478,False
58927800800,10.1145/3627535.3638478,False
58927478700,10.1145/3627535.3638478,False
57759399300,10.1145/3600006.3613174,True
57218294008,10.1145/3600006.3613174,False
36674660200,10.1145/3600006.3613174,False
22937488300,10.1145/3600006.3613174,False
55841653800,10.1145/3600006.3613174,False
57188752458,10.1145/3615890.3628537,True
57372236700,10.1145/3615890.3628537,False
35556471300,10.1145/3615890.3628537,False
57408665500,10.1145/3581641.3584067,True
57462149300,10.1145/3581641.3584067,False
58177193900,10.1145/3581641.3584067,False
58177404000,10.1145/3581641.3584067,False
57020216700,10.1145/3581641.3584067,False
57193573228,10.1145/3581641.3584067,False
57216935011,10.1145/3609987.3609994,True
6701525223,10.1145/3609987.3609994,False
6603741790,10.1145/3609987.3609994,False
57052132200,10.1145/3576915.3624394,True
58765778900,10.1145/3576915.3624394,False
57219257596,10.1145/3576915.3624394,False
23135290500,10.1145/3576915.3624394,False
58155030300,10.1145/3581783.3611860,True
57202394314,10.1145/3581783.3611860,False
57198850029,10.1145/3581783.3611860,False
57210804323,10.1145/3581783.3611860,False
56030205300,10.1145/3581783.3611860,False
15847120000,10.1145/3581783.3611860,False
56537447100,10.1145/3581783.3611860,False
9041881000,10.4230/LIPIcs.MFCS.2023.39,True
57746749600,10.4230/LIPIcs.MFCS.2023.39,False
57005958800,10.4230/LIPIcs.MFCS.2023.39,False
58349683400,10.1145/3611643.3613893,True
57216386064,10.1145/3611643.3613893,False
35093168200,10.1145/3611643.3613893,False
57211666972,10.1145/3611643.3613893,False
57203239862,10.1145/3611643.3613893,False
57203243422,10.1145/3611643.3613893,False
57207622221,10.1145/3589132.3625623,True
15042243500,10.1145/3589132.3625623,False
6602915124,10.1145/3589132.3625623,False
7006849378,10.1145/3589132.3625623,False
7007180170,10.1145/3589132.3625623,False
58450062300,10.1145/3589132.3625601,True
57197127553,10.1145/3589132.3625601,False
54407264800,10.1145/3589132.3625601,False
9732488300,10.1145/3589132.3625601,False
34874843900,10.1145/3589132.3625601,False
57208230227,10.1145/3597926.3598116,True
55624942700,10.1145/3597926.3598116,False
57208128783,10.1145/3597926.3598116,False
58532733000,10.1145/3597926.3598116,False
58532733100,10.1145/3597926.3598116,False
57215304052,10.1145/3597926.3598116,False
57193434099,10.1145/3597926.3598116,False
57202860764,10.1145/3597926.3598116,False
13608371900,10.1145/3603163.3609049,True
57207601856,10.1145/3555776.3577652,True
58175437400,10.1145/3555776.3577652,False
57891453100,10.1145/3555776.3577772,True
35113258100,10.1145/3555776.3577772,False
6603620265,10.1145/3555776.3577772,False
58347601600,10.1145/3555776.3577733,True
55513038200,10.1145/3555776.3577733,False
7006767846,10.1145/3555776.3577733,False
58317933000,10.1145/3592686.3592756,True
57222553458,10.1145/3592686.3592756,False
56902162800,10.1145/3592686.3592756,False
7403588889,10.1145/3584372.3589935,True
57226848553,10.1145/3584372.3588676,True
58194969600,10.1145/3584372.3588676,False
7201595023,10.1145/3584372.3588676,False
7401899783,10.1145/3584372.3588676,False
55718418200,10.1145/3576840.3578281,True
57215603380,10.1145/3584372.3588666,True
57218846945,10.1145/3584372.3588666,False
7402420191,10.1145/3584372.3588666,False
57219767826,10.1145/3584372.3588680,True
6602515392,10.1145/3584372.3588680,False
57201405085,10.1145/3584372.3588672,True
56272656400,10.1145/3584372.3588672,False
6701415938,10.1145/3584372.3588672,False
57191033645,10.1145/3584372.3588667,True
55965366000,10.1145/3584372.3588667,False
57222956513,10.1145/3597465.3605224,True
58416431000,10.1145/3597465.3605224,False
36083426700,10.1145/3597465.3605224,False
58541526400,10.1145/3595360.3595853,True
57210979261,10.1145/3595360.3595853,False
57197799893,10.1145/3595360.3595853,False
56515302800,10.1145/3595360.3595853,False
6602853794,10.1145/3595360.3595853,False
57207944403,10.1145/3539618.3591637,True
56308141500,10.1145/3539618.3591637,False
56146379100,10.1145/3539618.3591637,False
57821375200,10.1145/3539618.3591637,False
58547603000,10.1145/3539618.3591637,False
57762657000,10.1145/3595360.3595858,True
57203130515,10.1145/3595360.3595858,False
57223723743,10.1145/3595360.3595858,False
57203120238,10.1145/3595360.3595858,False
57214227327,10.1145/3595360.3595858,False
57217101286,10.1145/3595360.3595858,False
57216981009,10.1145/3595360.3595858,False
57223742987,10.1145/3595360.3595858,False
58542184700,10.1145/3595360.3595858,False
57889969700,10.1145/3595360.3595858,False
57219121206,10.1145/3595360.3595858,False
58542673200,10.1145/3595360.3595858,False
58542673300,10.1145/3595360.3595858,False
58541690700,10.1145/3595360.3595858,False
58542673400,10.1145/3595360.3595858,False
57322556800,10.1145/3595360.3595858,False
58541690800,10.1145/3595360.3595858,False
58542515700,10.1145/3595360.3595858,False
57197251717,10.1145/3595360.3595858,False
57190945113,10.1145/3595360.3595858,False
57223889085,10.1145/3595360.3595858,False
7004594541,10.1145/3595360.3595858,False
56904366400,10.1145/3595360.3595858,False
58547352900,10.1145/3539618.3592061,True
55811167300,10.1145/3539618.3592061,False
7403171805,10.1145/3539618.3592061,False
7404213547,10.1145/3539618.3592061,False
57217248501,10.1145/3539618.3591702,True
57203395820,10.1145/3539618.3591702,False
57945870700,10.1145/3539618.3591702,False
57015922800,10.1145/3539618.3591702,False
57397625900,10.1145/3539618.3591702,False
57043667600,10.1145/3539618.3591702,False
57944921500,10.1145/3539618.3591702,False
57286812000,10.1145/3539618.3591702,False
57233219000,10.1145/3545945.3569727,True
57202507438,10.1145/3545945.3569727,False
6504773964,10.1145/3545945.3569727,False
56454782900,10.1145/3577193.3593734,True
57386471100,10.1145/3577193.3593734,False
57386471000,10.1145/3577193.3593734,False
57212109067,10.1145/3575693.3575699,True
57212108086,10.1145/3575693.3575699,False
57226499433,10.1145/3575693.3575699,False
7405365838,10.1145/3575693.3575699,False
57189503070,10.1145/3545947.3576350,True
7801473896,10.1145/3545947.3576350,False
57203768138,10.1145/3545947.3576350,False
58126667200,10.1109/BIOSIG58226.2023.10345997,True
7004757895,10.1109/BIOSIG58226.2023.10345997,False
57219710966,10.1109/BIOSIG58226.2023.10345977,True
57203222831,10.1109/BIOSIG58226.2023.10345977,False
34870479500,10.1109/BIOSIG58226.2023.10345977,False
6602798791,10.1109/BIOSIG58226.2023.10345977,False
7101767185,10.1109/BIOSIG58226.2023.10345977,False
57719341200,10.1109/BIOSIG58226.2023.10345994,True
57207568529,10.1109/BIOSIG58226.2023.10345994,False
36071504600,10.1109/BIOSIG58226.2023.10345994,False
56177484100,10.1109/SUMMA60232.2023.10349498,True
58811676800,10.1109/SUMMA60232.2023.10349498,False
57213872971,10.1109/SUMMA60232.2023.10349498,False
56178153800,10.1109/SUMMA60232.2023.10349498,False
6603592002,10.1109/SUMMA60232.2023.10349498,False
55176260700,10.1109/SUMMA60232.2023.10349480,True
58811545900,10.1109/SUMMA60232.2023.10349480,False
57561904100,10.1109/CIPAE60493.2023.00019,True
58811493000,10.1109/CIPAE60493.2023.00081,True
57361635800,10.1109/CIPAE60493.2023.00053,True
58810726400,10.1109/DSC61021.2023.10354217,True
56732908700,10.1109/DSC61021.2023.10354217,False
57189240238,10.1145/3564246.3585175,True
57221156954,10.1145/3564246.3585175,False
24336779600,10.1145/3564246.3585175,False
57194171391,10.1145/3606843.3606859,True
58711505100,10.1145/3606843.3606859,False
58747892400,10.1145/3606843.3606859,False
41561393200,10.1109/SmartCloud58862.2023.00020,True
55004896900,10.1109/SmartCloud58862.2023.00020,False
58847392600,10.1109/SmartCloud58862.2023.00020,False
35078595000,10.1145/3570991.3571009,True
57162370400,10.1145/3570991.3571009,False
57200511490,10.1145/3570991.3571009,False
54974129600,10.1145/3592307.3592330,True
24823949600,10.1145/3592307.3592330,False
55899212500,10.1145/3592307.3592330,False
58821605900,10.1109/GHTC56179.2023.10354568,True
57219856368,10.1109/GHTC56179.2023.10354568,False
57998559600,10.1109/GHTC56179.2023.10354568,False
9235241800,10.1109/GHTC56179.2023.10354568,False
7201894059,10.23919/SICE59929.2023.10354252,True
57212005510,10.23919/SICE59929.2023.10354252,False
7202158579,10.23919/SICE59929.2023.10354252,False
7402006534,10.23919/SICE59929.2023.10354252,False
56736147300,10.1109/ICEBE59045.2023.00043,True
35572931500,10.1109/ICEBE59045.2023.00043,False
57678846400,10.1145/3592307.3592335,True
54974129600,10.1145/3592307.3592335,False
24823949600,10.1145/3592307.3592335,False
58835679000,10.1109/CISCT57197.2023.10351356,True
57683039300,10.1109/CISCT57197.2023.10351356,False
57645701400,10.1109/CISCT57197.2023.10351417,True
57713256400,10.1109/CISCT57197.2023.10351417,False
16041797800,10.1109/ICITES59818.2023.10356864,True
57563379200,10.1109/ICITES59818.2023.10356864,False
58817964000,10.1109/ICITES59818.2023.10356864,False
35777888300,10.1109/ICITES59818.2023.10356864,False
57194049315,10.1109/ICITES59818.2023.10356864,False
58817964100,10.1109/ICITES59818.2023.10356864,False
58813187500,10.1109/ICDACAI59742.2023.00127,True
58813011600,10.1109/ICDACAI59742.2023.00127,False
58026522600,10.1109/ICDACAI59742.2023.00127,False
58813056500,10.1109/ICDACAI59742.2023.00127,False
58813011700,10.1109/ICDACAI59742.2023.00127,False
58813187600,10.1109/ICDACAI59742.2023.00127,False
58813097400,10.1109/ICDACAI59742.2023.00127,False
58817937200,10.1109/ICEDCS60513.2023.00059,True
58844098100,10.1109/ICEDCS60513.2023.00059,False
58577463500,10.1109/ICEDCS60513.2023.00059,False
58817885100,10.1109/ICEDCS60513.2023.00059,False
58817921000,10.1109/ICEDCS60513.2023.00084,True
58590934900,10.1109/ICEDCS60513.2023.00105,True
58817889500,10.1109/ICEDCS60513.2023.00105,False
58591381700,10.1109/ICEDCS60513.2023.00105,False
58591827300,10.1109/ICEDCS60513.2023.00105,False
57205393111,10.1109/ICEDCS60513.2023.00105,False
58817958700,10.1109/ICEDCS60513.2023.00131,True
57971522300,10.1109/HPEC58863.2023.10363590,True
58835697900,10.1109/ICoSNIKOM60230.2023.10364398,True
58833237000,10.1109/ICoSNIKOM60230.2023.10364398,False
58123891000,10.1109/ICoSNIKOM60230.2023.10364398,False
58835272400,10.1109/ICoSNIKOM60230.2023.10364398,False
55625223000,10.1109/ICoSNIKOM60230.2023.10364398,False
57579239200,10.1109/ICRAMET60171.2023.10366632,True
8340958400,10.1109/ICRAMET60171.2023.10366632,False
58521563900,10.1109/ICRAMET60171.2023.10366632,False
58127784300,10.1109/ICRAMET60171.2023.10366632,False
57580070400,10.1109/ICRAMET60171.2023.10366632,False
58069189600,10.1109/ICRAMET60171.2023.10366632,False
57209258003,10.1109/ICRAMET60171.2023.10366632,False
57455876600,10.22489/CinC.2023.116,True
6701309632,10.22489/CinC.2023.116,False
24822561400,10.22489/CinC.2023.116,False
58188792800,10.22489/CinC.2023.164,True
57203001033,10.22489/CinC.2023.164,False
57214755588,10.22489/CinC.2023.164,False
57203486567,10.22489/CinC.2023.164,False
55971506700,10.22489/CinC.2023.164,False
55680778400,10.22489/CinC.2023.164,False
58834400700,10.1109/APWiMob59963.2023.10365603,True
37003180700,10.1109/APWiMob59963.2023.10365603,False
58833180900,10.1109/APWiMob59963.2023.10365603,False
57204180035,10.1109/ACIIS59385.2023.10367332,True
7005065755,10.1109/ACIIS59385.2023.10367332,False
57212779493,10.1109/ACIIS59385.2023.10367332,False
58509140000,10.1109/IW_MSS59200.2023.10368597,True
23995978100,10.1109/IW_MSS59200.2023.10368597,False
57211088189,10.1145/3614008.3614044,True
58725795700,10.1145/3614008.3614044,False
58725987200,10.1145/3614008.3614044,False
58726175000,10.1145/3614008.3614044,False
58725795800,10.1145/3614008.3614044,False
58725013200,10.1145/3614008.3614044,False
55978293700,10.1109/SIPAIM56729.2023.10373523,True
58850874800,10.1109/SIPAIM56729.2023.10373523,False
58850399700,10.1109/SIPAIM56729.2023.10373523,False
57417410500,10.1109/SIPAIM56729.2023.10373523,False
58850477900,10.1109/SIPAIM56729.2023.10373523,False
35177461200,10.1109/SIPAIM56729.2023.10373523,False
56730051700,10.1109/SIPAIM56729.2023.10373523,False
35410216600,10.1109/SIPAIM56729.2023.10373523,False
58179258300,10.1109/ICSIMA59853.2023.10373467,True
57698193600,10.1109/ICSIMA59853.2023.10373467,False
15922248600,10.1109/ICSIMA59853.2023.10373467,False
55341558800,10.1109/ICSIMA59853.2023.10373533,True
57698193600,10.1109/ICSIMA59853.2023.10373533,False
14632337000,10.1109/ICSIMA59853.2023.10373533,False
58081521100,10.1109/SITA60746.2023.10373743,True
58743719600,10.1109/SITA60746.2023.10373743,False
8374289500,10.1109/SITA60746.2023.10373743,False
58847414500,10.1109/SITA60746.2023.10373691,True
8215761900,10.1109/SITA60746.2023.10373691,False
58847705800,10.1109/SITA60746.2023.10373691,False
57193029385,10.1109/SITA60746.2023.10373691,False
58066210900,,True
57880700700,,False
57194281199,,False
57208666027,,True
55428957200,,True
58317044200,,False
9737451300,,False
58623926400,,False
58738528700,,False
16479742300,,True
57202448801,,False
57190575875,,False
27867794600,,False
57226597377,10.1145/3615887.3627753,True
58771228600,10.1145/3617695.3617702,True
57201132764,10.1145/3617695.3617702,False
57956323500,10.1016/j.procs.2023.11.108,True
57208321283,10.1016/j.procs.2023.11.007,True
57485180600,10.1016/j.procs.2023.11.007,False
58237382800,10.1016/j.procs.2023.11.007,False
55616653300,10.1016/j.procs.2023.12.042,True
58265038500,10.1016/j.procs.2023.12.042,False
58864752800,10.1016/j.procs.2023.12.042,False
58864594800,10.1016/j.procs.2023.12.042,False
58864835800,10.1016/j.procs.2023.12.042,False
57223765333,10.30420/456164024,True
57213829483,10.30420/456164024,False
6602231082,10.30420/456164024,False
57205093119,10.1109/ICIC60109.2023.10381942,True
58850319600,10.1109/ICIC60109.2023.10381942,False
57211004932,10.1109/ICIC60109.2023.10381942,False
58089293200,10.1109/ICIC60109.2023.10381942,False
58312529600,10.1109/ICIC60109.2023.10381942,False
57225741273,10.1109/ICIC60109.2023.10381942,False
57207105626,10.1109/CINTI59972.2023.10381957,True
58860174700,10.1109/CINTI59972.2023.10381957,False
57218421665,10.1109/CINTI59972.2023.10381957,False
55903781000,10.1109/CINTI59972.2023.10381957,False
55635388900,10.1109/CINTI59972.2023.10381957,False
57190487952,10.1016/j.procs.2023.12.161,True
58740299200,10.1016/j.procs.2023.12.161,False
57210173007,10.1016/j.procs.2023.12.161,False
57194208505,10.1016/j.procs.2023.12.161,False
57222154960,10.1016/j.procs.2023.12.161,False
57222148676,10.1016/j.procs.2023.12.161,False
57194016640,,True
57194010534,,False
57216209808,,False
58860323000,,False
58860586700,,False
57210241290,10.1117/12.3021828,True
58837861300,10.1117/12.3021828,False
58838367700,10.1117/12.3021828,False
58838367800,10.1117/12.3021828,False
57847538800,10.1117/12.3021729,True
58838090400,10.1117/12.3021729,False
6602512834,,True
57003736200,,False
57429763400,,False
8672125000,,False
35368535300,,False
55676195200,,False
57220027213,,False
58548421200,,True
58282972100,,False
58548993300,,False
56497691700,,False
14120320900,,False
6601910743,,False
57213613738,,True
12761199000,,False
55504846600,,False
58876729200,,False
58024052900,,False
53877987000,10.26615/978-954-452-090-8_002,True
57195842107,10.26615/978-954-452-090-8_002,False
58669010800,,True
57222420578,,False
57970372300,,False
58668984300,,False
55538865600,,False
58339054000,10.1145/3583788.3583819,True
58339054100,10.1145/3583788.3583819,False
56192158900,10.1145/3583788.3583819,False
56434837400,10.1145/3583788.3583819,False
9232733100,10.1145/3583788.3583819,False
58881776900,10.1109/SSI58917.2023.10387755,True
57039133600,10.1109/SSI58917.2023.10387755,False
8337460200,10.1109/SSI58917.2023.10387755,False
6701519542,10.1109/SSI58917.2023.10387755,False
54956491600,10.1109/ACII59096.2023.10388135,True
6602692153,10.1109/ACII59096.2023.10388135,False
6602319920,10.1109/ACII59096.2023.10388135,False
58849970600,10.1109/SIoT60039.2023.10389856,True
58882685100,10.1109/SIoT60039.2023.10389856,False
58167671300,10.1109/SIoT60039.2023.10389856,False
58538636900,10.1109/SIoT60039.2023.10389856,False
57207807053,10.1109/SIoT60039.2023.10389856,False
36537969500,10.1109/SIoT60039.2023.10389856,False
35519411300,10.1109/SIoT60039.2023.10389856,False
58666920000,10.1109/3ICT60104.2023.10391650,True
58667843600,10.1109/3ICT60104.2023.10391650,False
58876410500,10.1109/3ICT60104.2023.10391650,False
56033523800,10.1109/3ICT60104.2023.10391650,False
57191156064,10.1109/IISEC59749.2023.10391023,True
58618232300,10.1109/IISEC59749.2023.10391023,False
57965788900,10.1109/IISEC59749.2023.10391023,False
58876689200,10.1109/ICICIS58388.2023.10391183,True
58876689300,10.1109/ICICIS58388.2023.10391183,False
6602448188,10.1109/ICICIS58388.2023.10391183,False
58876370900,10.1109/ICICIS58388.2023.10391183,False
58882850200,10.1109/ICACTA58201.2023.10392861,True
58404582800,10.1109/ICACTA58201.2023.10392861,False
58882557200,10.1109/ICACTA58201.2023.10392861,False
56763885200,10.1109/ICACTA58201.2023.10392861,False
58882708600,10.1109/ICACTA58201.2023.10392861,False
58871532300,,True
56534204300,,False
7405915848,10.1109/ICNGN59831.2023.10396786,True
58886493100,10.1109/ICNGN59831.2023.10396786,False
58886882600,10.1109/ICNGN59831.2023.10396786,False
58363420700,10.1109/NKCon59507.2023.10396396,True
57214834841,10.1109/NKCon59507.2023.10396396,False
57222156363,10.1109/NKCon59507.2023.10396396,False
58886479700,10.1109/NKCon59507.2023.10396396,False
58886802500,10.1109/NKCon59507.2023.10396396,False
58886738600,10.1109/NKCon59507.2023.10396396,False
57453675700,10.1109/CANDAR60563.2023.00028,True
57711145100,10.1109/CANDAR60563.2023.00028,False
36680201800,10.1109/CANDAR60563.2023.00028,False
12039118200,10.1109/CANDAR60563.2023.00028,False
57552833600,10.1109/LA-CCI58595.2023.10409408,True
57211919598,10.1109/LA-CCI58595.2023.10409408,False
57193746428,10.1109/LA-CCI58595.2023.10409408,False
58890084400,10.1109/LA-CCI58595.2023.10409478,True
7801397843,10.1109/LA-CCI58595.2023.10409478,False
58890084500,10.1109/LA-CCI58595.2023.10409478,False
57737886200,10.1109/VCIP59821.2023.10402708,True
8335632500,10.1109/VCIP59821.2023.10402708,False
55475208200,10.1109/VCIP59821.2023.10402708,False
57299033000,10.1109/VCIP59821.2023.10402756,True
56030205300,10.1109/VCIP59821.2023.10402756,False
15847120000,10.1109/VCIP59821.2023.10402756,False
56913353900,10.1109/ICSSS58085.2023.10407074,True
58904710300,10.1109/ICAICA58456.2023.10405528,True
58904621100,10.1109/ICAICA58456.2023.10405528,False
58904621200,10.1109/ICAICA58456.2023.10405528,False
58904710400,10.1109/ICAICA58456.2023.10405528,False
58904581400,10.1109/ICAICA58456.2023.10405528,False
58904621300,10.1109/ICAICA58456.2023.10405528,False
58725199400,10.1109/CANDARW60564.2023.00013,True
24466312300,10.1109/CANDARW60564.2023.00013,False
55217519300,10.1145/3639390.3639393,True
58896666100,10.1145/3639390.3639393,False
57201647237,10.1145/3639390.3639393,False
36706329900,10.1145/3633053.3633059,True
57203516630,10.1145/3633053.3633059,False
58947504000,10.1145/3640824.3640869,True
57202849937,10.1145/3640824.3640869,False
58947592600,10.1145/3640824.3640869,False
58904749000,10.1109/BIGCOM61073.2023.00024,True
55838496800,10.1109/BIGCOM61073.2023.00024,False
58904662100,10.1109/BIGCOM61073.2023.00024,False
58904707800,10.1109/BIGCOM61073.2023.00024,False
58833004000,10.1109/BIGCOM61073.2023.00024,False
7004160569,10.1109/DESSERT61349.2023.10416531,True
57207954084,10.1109/DESSERT61349.2023.10416531,False
57191608478,10.1109/DESSERT61349.2023.10416531,False
7004369951,10.1109/DESSERT61349.2023.10416531,False
57211147344,10.1109/DESSERT61349.2023.10416531,False
58903743500,10.1109/DESSERT61349.2023.10416500,True
22034616000,10.1109/DESSERT61349.2023.10416500,False
58903743600,10.1109/DESSERT61349.2023.10416500,False
58903279100,10.1109/DESSERT61349.2023.10416500,False
58909164900,10.1109/AIIIP61647.2023.00007,True
37020571500,10.1109/AIIIP61647.2023.00007,False
57210935038,10.1109/AIIIP61647.2023.00007,False
57221311054,10.1109/ICAR58858.2023.10406721,True
58159055000,10.1109/ICAR58858.2023.10406721,False
58158865800,10.1109/ICAR58858.2023.10406721,False
58158865900,10.1109/ICAR58858.2023.10406721,False
57222464115,10.1109/ICAR58858.2023.10406721,False
37057317600,10.1109/ICAR58858.2023.10406721,False
58908935700,10.1109/COMNETSAT59769.2023.10420796,True
57956362400,10.1109/COMNETSAT59769.2023.10420796,False
57216160845,10.1109/ICECA58529.2023.10395674,True
57211773955,10.1109/ICECA58529.2023.10395674,False
58038754200,10.1109/ICRASET59632.2023.10420257,True
57215537196,10.1109/ICRASET59632.2023.10420257,False
57222117369,10.1109/ICRASET59632.2023.10420257,False
58911594200,10.1109/IEMENTech60402.2023.10423485,True
58911596700,10.1109/IEMENTech60402.2023.10423485,False
58911556000,10.1109/IEMENTech60402.2023.10423485,False
58911604600,10.1109/IEMENTech60402.2023.10423485,False
58595068600,10.1109/IEMENTech60402.2023.10423485,False
55699394300,10.1109/IEMENTech60402.2023.10423485,False
57201944567,10.1109/IEMENTech60402.2023.10423480,True
57226772700,10.1109/IEMENTech60402.2023.10423480,False
57197115321,10.1109/IEMENTech60402.2023.10423480,False
55418599500,10.1109/IEMENTech60402.2023.10423480,False
58911493400,10.1109/IEMENTech60402.2023.10423464,True
57201944567,10.1109/IEMENTech60402.2023.10423464,False
57197115321,10.1109/IEMENTech60402.2023.10423464,False
55418599500,10.1109/IEMENTech60402.2023.10423464,False
57208178055,10.1109/CATS58046.2023.10424267,True
57202836473,10.1109/CATS58046.2023.10424267,False
58909396500,10.1109/CATS58046.2023.10424267,False
58909522100,10.1109/CATS58046.2023.10424267,False
58478157900,10.1109/CATS58046.2023.10424267,False
58137079500,10.1109/CATS58046.2023.10424267,False
58137972800,10.1109/CATS58046.2023.10424267,False
58137753400,10.1109/CATS58046.2023.10424267,False
57208653298,10.1109/IMCOM60618.2024.10418292,True
14018085700,10.1109/IMCOM60618.2024.10418292,False
7406537386,10.1109/IMCOM60618.2024.10418292,False
58638257100,10.1109/VizSec60606.2023.00011,True
55369789000,10.1109/VizSec60606.2023.00011,False
57219848979,10.1109/VizSec60606.2023.00011,False
58144915300,10.1109/MICC59384.2023.10419720,True
56123435100,10.1109/MICC59384.2023.10419720,False
58691023800,10.1109/NEleX59773.2023.10421720,True
57306904200,10.1109/ICCCIS60361.2023.10425178,True
55042923700,10.1109/ICCCIS60361.2023.10425178,False
58079825100,10.1109/ICITDA60835.2023.10426919,True
57226731165,10.1109/ICITDA60835.2023.10426919,False
57215834536,10.1109/ICITDA60835.2023.10426919,False
57203844500,10.1109/ICITDA60835.2023.10426919,False
55009925500,10.1109/ICITDA60835.2023.10426919,False
57732242400,10.1109/BigDIA60676.2023.10429411,True
55717945400,10.1109/BigDIA60676.2023.10429411,False
57190290150,10.1109/BigDIA60676.2023.10429411,False
58360091200,10.1109/BigDIA60676.2023.10429411,False
57647219100,10.1109/BigDIA60676.2023.10429411,False
14061534000,10.1109/BigDIA60676.2023.10429411,False
58919853000,10.1109/BigDIA60676.2023.10429609,True
58918740400,10.1109/BigDIA60676.2023.10429609,False
57761347700,10.1109/BigDIA60676.2023.10429609,False
55534233300,10.1109/BigDIA60676.2023.10429609,False
56956337200,10.1109/ICAIHC59020.2023.10430485,True
58921373400,10.1109/ICAIHC59020.2023.10430485,False
57222360072,10.1109/ICAIHC59020.2023.10430485,False
55361564600,10.1109/ICAIHC59020.2023.10430485,False
35769748800,10.1109/ICAIHC59020.2023.10430485,False
58920439600,10.1109/ICICyTA60173.2023.10428947,True
37003180700,10.1109/ICICyTA60173.2023.10428947,False
56524631900,10.1109/ICICyTA60173.2023.10428947,False
58916008100,10.1109/ICICIS56802.2023.10430275,True
55842581400,10.1109/ICICIS56802.2023.10430275,False
57348318400,10.1109/OCIT59427.2023.10430516,True
57162024700,10.1109/OCIT59427.2023.10430516,False
57199924854,10.1109/OCIT59427.2023.10430516,False
24759577300,10.1109/OCIT59427.2023.10430516,False
58919549100,10.1109/AMCAI59331.2023.10431516,True
58919595800,10.1109/AMCAI59331.2023.10431516,False
58919154500,10.1109/AMCAI59331.2023.10431516,False
55257620500,10.1109/AMCAI59331.2023.10431516,False
58921363600,10.1109/ICACIC59454.2023.10435349,True
58313242400,10.1109/ICACIC59454.2023.10435349,False
55190726200,10.1109/ICACIC59454.2023.10435349,False
58919317700,10.1109/IC-RVITM60032.2023.10435190,True
58919979000,10.1109/IC-RVITM60032.2023.10435190,False
58918644100,10.1109/IC-RVITM60032.2023.10435190,False
55369552500,10.1109/C358072.2023.10436245,True
56005328600,10.1109/C358072.2023.10436245,False
8845369100,10.1109/C358072.2023.10436245,False
57383830200,10.1109/C358072.2023.10436245,False
57382515500,10.1109/C358072.2023.10436245,False
58921336500,10.1109/ISCTech60480.2023.00094,True
57211925655,10.1109/ISCTech60480.2023.00094,False
57863806000,10.1109/ISCTech60480.2023.00094,False
55459419800,10.1109/ISCTech60480.2023.00094,False
57357587900,10.1145/3594441.3594448,True
58562877900,10.1145/3594441.3594448,False
58562240600,10.1145/3594441.3594448,False
56088078800,,True
20433948000,10.1109/IJCB57857.2023.10449189,True
58146782900,10.1109/IJCB57857.2023.10449189,False
7102108008,10.1109/IJCB57857.2023.10449189,False
6603136018,10.1109/IJCB57857.2023.10449189,False
57219710966,10.1109/IJCB57857.2023.10448552,True
57205438581,10.1109/IJCB57857.2023.10448552,False
57217523515,10.1109/IJCB57857.2023.10448552,False
58934119300,10.1109/IJCB57857.2023.10448552,False
34870479500,10.1109/IJCB57857.2023.10448552,False
50861109400,10.1109/IJCB57857.2023.10448552,False
7101767185,10.1109/IJCB57857.2023.10448552,False
58700975800,,True
57216147633,,False
57216148997,,False
57202829668,10.1109/ICSC58660.2023.10449764,True
55335280000,10.1109/ICSC58660.2023.10449764,False
58940259500,10.1109/ICDSAAI59313.2023.10452571,True
57704622900,10.1109/ICDSAAI59313.2023.10452571,False
58308224200,10.1109/ICDSAAI59313.2023.10452571,False
57196024000,10.1109/ICOIACT59844.2023.10455894,True
58939781300,10.1109/ICOIACT59844.2023.10455894,False
58940207600,10.1109/ICOIACT59844.2023.10455894,False
58940105500,10.1109/ICOIACT59844.2023.10455894,False
58939671800,10.1109/ICOIACT59844.2023.10455894,False
58945365900,10.1117/12.2683433,True
58945366000,10.1117/12.2683433,False
58944856100,10.1117/12.2683433,False
58945533600,10.1117/12.2683433,False
57193828285,10.1109/PuneCon58714.2023.10450006,True
58940186400,10.1109/PuneCon58714.2023.10450006,False
57348012400,10.1109/PuneCon58714.2023.10450006,False
58940080400,10.1109/PuneCon58714.2023.10450006,False
58950242600,,True
57815195100,10.1145/3613917.3613923,True
57814815900,10.1145/3613917.3613923,False
57815008200,10.1145/3613917.3613923,False
57550822600,10.1145/3613917.3613923,False
57201587273,10.1145/3613917.3613923,False
55500178900,10.1145/3613917.3613923,False
56402020900,10.1109/ICEFEET59656.2023.10452246,True
57212934197,10.1109/ICEFEET59656.2023.10452246,False
55635963800,10.1109/ICEFEET59656.2023.10452246,False
58539782300,10.1145/3594315.3594407,True
57202213433,10.1145/3594315.3594407,False
57206942272,10.1145/3594315.3594407,False
58778848900,10.4230/LIPIcs.ICDT.2024.23,True
57263716600,10.4230/LIPIcs.ICDT.2024.23,False
39961062300,10.4230/LIPIcs.ICDT.2024.15,True
57211108673,10.4230/LIPIcs.ICDT.2024.15,False
55813479500,10.4230/LIPIcs.ICDT.2024.15,False
58150838500,10.4230/LIPIcs.ICDT.2024.4,True
57191033645,10.4230/LIPIcs.ICDT.2024.4,False
14022951100,10.4230/LIPIcs.ICDT.2024.4,False
56110254700,10.4230/LIPIcs.ICDT.2024.20,True
58139261400,,True
58953213400,,False
58712723400,,True
57216694549,,False
57218707688,,False
57214207138,,False
58846819000,,False
57221085999,10.1109/ICTBIG59752.2023.10456144,True
58966885800,10.1109/ICTBIG59752.2023.10456144,False
57279381600,10.1109/ICTBIG59752.2023.10456144,False
58595128700,10.1109/ICTBIG59752.2023.10456144,False
58966858800,10.1109/ICTBIG59752.2023.10456032,True
58966794700,10.1109/ICTBIG59752.2023.10456032,False
58966858900,10.1109/ICTBIG59752.2023.10456032,False
58966859000,10.1109/ICTBIG59752.2023.10456032,False
56607283300,10.1109/ICTBIG59752.2023.10456032,False
57991684800,10.1109/ICEIC61013.2024.10457244,True
57991603800,10.1109/ICEIC61013.2024.10457244,False
58812123200,10.1109/ICEIC61013.2024.10457244,False
58149062200,10.1109/ICEIC61013.2024.10457244,False
57203772400,10.1109/ICEIC61013.2024.10457244,False
55205036200,10.1109/ICEIC61013.2024.10457244,False
7201615126,10.1109/ICEIC61013.2024.10457244,False
57216690755,10.1201/9781032684994-76,True
58921368900,10.1201/9781032684994-76,False
58769700800,10.1201/9781032684994-76,False
58921457800,10.1201/9781032684994-76,False
57217578727,10.1109/TLA.2024.10431420,True
57714858600,10.1109/TLA.2024.10431420,False
58138781100,10.1109/TLA.2024.10431420,False
7403269252,10.1109/TLA.2024.10431420,False
57209289122,10.1109/TLA.2024.10431420,False
7004510847,10.1109/TLA.2024.10431420,False
57221483642,10.3390/s24051698,True
12790420700,10.3390/s24051698,False
23388633900,10.3390/s24051698,False
57189247191,10.1016/j.patcog.2023.110240,True
57219642149,10.1016/j.patcog.2023.110240,False
58745967200,10.1016/j.patcog.2023.110240,False
7401704647,10.1016/j.patcog.2023.110240,False
36110112600,10.1016/j.patcog.2023.110240,False
56763135600,10.1016/j.patcog.2023.110240,False
57879304200,10.1016/j.ins.2024.120262,True
56183769400,10.1016/j.ins.2024.120262,False
8218376800,10.1016/j.ins.2024.120262,False
7402366049,10.1016/j.ins.2024.120262,False
57211191900,10.1016/j.neunet.2024.106267,True
58965055800,10.1016/j.neunet.2024.106267,False
57203787545,10.1016/j.neunet.2024.106267,False
58965186900,10.1016/j.neunet.2024.106267,False
56596888100,10.1016/j.neunet.2024.106267,False
57190341207,10.1007/s00034-023-02544-7,True
57201378641,10.1007/s00034-023-02544-7,False
58806484500,10.1016/j.bspc.2023.105899,True
58806810500,10.1016/j.bspc.2023.105899,False
57218844070,10.1109/TIT.2023.3344717,True
7003375238,10.1109/TIT.2023.3344717,False
58812953300,10.1016/j.cviu.2024.103927,True
6506881971,10.1016/j.cviu.2024.103927,False
12344714100,10.1016/j.cviu.2024.103927,False
56013673200,10.1016/j.cviu.2024.103927,False
58942472000,10.1016/j.iswa.2024.200351,True
15058298400,10.1016/j.iswa.2024.200351,False
58549184000,10.1016/j.bspc.2024.106069,True
56404208500,10.1016/j.bspc.2024.106069,False
23986475800,10.1016/j.bspc.2024.106069,False
55533844800,10.1007/s11633-022-1402-8,True
57190767864,10.1007/s11633-022-1402-8,False
57211168174,10.1007/s11633-022-1402-8,False
57201999721,10.1007/s11633-022-1402-8,False
57218404238,10.1007/s11633-022-1402-8,False
57189242944,10.1007/s11128-024-04288-y,True
58909536400,10.1007/s11128-024-04288-y,False
55267572300,10.1109/JIOT.2023.3327738,True
18635093800,10.1016/j.calphad.2023.102658,True
58179116100,10.1016/j.calphad.2023.102658,False
7102985269,10.1016/j.calphad.2023.102658,False
55504385300,10.1007/s10055-023-00900-1,True
58118306000,10.1007/s10055-023-00900-1,False
57971671200,10.1007/s10055-023-00900-1,False
58942296400,10.1016/j.cmpb.2024.108117,True
16946047100,10.1016/j.cmpb.2024.108117,False
57883413500,10.1016/j.cmpb.2024.108117,False
58942416100,10.1016/j.cmpb.2024.108117,False
57221939879,10.1016/j.cmpb.2024.108117,False
58942334000,10.1016/j.cmpb.2024.108117,False
58942416200,10.1016/j.cmpb.2024.108117,False
15922829700,10.1016/j.cmpb.2024.108117,False
57211684710,10.1016/j.eswa.2023.122491,True
56365232000,10.1038/s41524-023-01193-3,True
55939498000,10.1038/s41524-023-01193-3,False
57208721102,10.1038/s41524-023-01193-3,False
7006720133,10.1038/s41524-023-01193-3,False
57192938047,10.1007/s10115-023-02009-y,True
57427212100,10.1007/s10115-023-02009-y,False
7003391555,10.1007/s10115-023-02009-y,False
58700333000,10.1007/s10115-023-02009-y,False
56005257200,10.1007/s10115-023-02009-y,False
57008490800,10.1016/j.bspc.2023.105791,True
58544283600,10.1016/j.bspc.2023.105791,False
58753502300,10.1016/j.bspc.2023.105791,False
55986412500,10.1016/j.bspc.2023.105791,False
56153214300,10.1016/j.bspc.2023.105791,False
58530236500,10.1007/s12065-022-00800-4,True
9633071800,10.1007/s12065-022-00800-4,False
57213104549,10.1007/s12065-022-00800-4,False
15851589500,10.1007/s12065-022-00800-4,False
22333554700,10.1109/JBHI.2023.3337261,True
58927416100,10.1109/JBHI.2023.3337261,False
37031142400,10.1109/JBHI.2023.3337261,False
57214127310,10.1109/JBHI.2023.3337261,False
57268111900,10.1109/JBHI.2023.3337261,False
23467846300,10.1109/JBHI.2023.3337261,False
58727377500,10.1007/s00521-023-09296-0,True
58145584000,10.1007/s00521-023-09296-0,False
58102584200,10.1007/s00521-023-09296-0,False
57268162100,10.1016/j.csi.2023.103801,True
57267956000,10.1016/j.csi.2023.103801,False
57213021063,10.1016/j.csi.2023.103801,False
42961909600,10.1016/j.csi.2023.103801,False
15048635400,10.1016/j.csi.2023.103801,False
7103051196,10.1016/j.csi.2023.103801,False
23009700500,10.1002/sam.11673,True
58959466400,10.1002/sam.11673,False
22986241000,10.1002/sam.11673,False
31767581800,10.1002/sam.11673,False
58109938100,10.1016/j.ins.2024.120421,True
57217183830,10.1016/j.ins.2024.120421,False
56183769400,10.1016/j.ins.2024.120421,False
57188968198,10.1016/j.ins.2024.120421,False
57207108136,10.1109/TBDATA.2023.3342619,True
56431754000,10.1109/TBDATA.2023.3342619,False
57203102266,10.1109/TBDATA.2023.3342619,False
56315484900,10.1109/TBDATA.2023.3342619,False
56048653500,10.1109/TBDATA.2023.3342619,False
58753875400,10.1016/j.bspc.2023.105799,True
57226370691,10.1016/j.bspc.2023.105799,False
57221580640,10.1016/j.bspc.2023.105799,False
57219850138,10.1016/j.bspc.2023.105799,False
36475885000,10.1016/j.bspc.2023.105799,False
58107348300,10.1016/j.bspc.2023.105799,False
58119239700,10.1016/j.bspc.2023.105799,False
57541422600,10.1016/j.knosys.2024.111449,True
56286301200,10.1016/j.knosys.2024.111449,False
55712534300,10.1016/j.knosys.2024.111449,False
57193280443,10.1016/j.knosys.2024.111449,False
57194197538,10.1016/j.knosys.2024.111449,False
36782771600,10.1016/j.knosys.2024.111449,False
23389170100,10.1016/j.knosys.2024.111449,False
56707940700,10.1016/j.ins.2024.120272,True
36482627500,10.1016/j.ins.2024.120272,False
58865334700,10.1016/j.ins.2024.120272,False
57224980204,10.1016/j.ins.2024.120272,False
8061868700,10.1016/j.ins.2024.120272,False
8247132000,10.1016/j.ins.2024.120272,False
55221807000,10.1007/s41315-023-00310-1,True
57924249300,10.1007/s41315-023-00310-1,False
58804793400,10.1007/s41315-023-00310-1,False
57200742813,10.1007/s41315-023-00310-1,False
56687717800,10.1007/s41315-023-00310-1,False
57219526654,10.1007/s41315-023-00310-1,False
55967409900,10.1007/s41315-023-00310-1,False
57982564300,10.1007/s41315-023-00310-1,False
57211605736,10.1007/s41315-023-00310-1,False
57420192100,10.1007/s41315-023-00310-1,False
57853026700,10.1007/s41315-023-00310-1,False
57217076742,10.1016/j.engappai.2024.108036,True
57225034895,10.1016/j.engappai.2024.108036,False
57944580900,10.1016/j.engappai.2024.108036,False
58896272400,10.1016/j.engappai.2024.108036,False
57195591900,10.1016/j.compgeo.2024.106249,True
58963436800,10.1016/j.compgeo.2024.106249,False
57193254778,10.1016/j.compgeo.2024.106249,False
57872733400,10.1186/s12859-024-05631-x,True
58068321800,10.1186/s12859-024-05631-x,False
57562959800,10.1186/s12859-024-05631-x,False
55890330600,10.1186/s12859-024-05631-x,False
56580909900,10.1186/s12859-024-05631-x,False
55650978700,10.1186/s12859-024-05631-x,False
58813901600,10.1186/s12859-024-05631-x,False
35976071900,10.1186/s12859-024-05631-x,False
7202744819,10.1186/s12859-024-05631-x,False
57219774903,10.1016/j.compbiomed.2024.108066,True
57559917100,10.1016/j.compbiomed.2024.108066,False
58862524500,10.1016/j.compbiomed.2024.108066,False
58861775400,10.1016/j.compbiomed.2024.108066,False
58629751900,10.1016/j.compbiomed.2024.108066,False
57762424900,10.1016/j.compbiomed.2024.108066,False
57762902300,10.1016/j.compbiomed.2024.108066,False
57370211100,10.1016/j.compbiomed.2024.108066,False
7405525810,10.1016/j.compbiomed.2024.108066,False
56504219700,10.1016/j.compbiomed.2024.108066,False
26633967400,10.1016/j.compbiomed.2024.108066,False
57565551400,10.1016/j.jbi.2024.104603,True
52864048700,10.1016/j.jbi.2024.104603,False
57215842056,10.1016/j.jbi.2024.104603,False
8884922600,10.1016/j.jbi.2024.104603,False
58724888900,10.1016/j.iswa.2023.200310,True
55339895000,10.1016/j.iswa.2023.200310,False
58724889000,10.1016/j.iswa.2023.200310,False
57194617806,10.1016/j.iswa.2023.200310,False
56003292400,10.1016/j.csbj.2024.01.013,True
58889154600,10.1016/j.csbj.2024.01.013,False
55805004000,10.1016/j.csbj.2024.01.013,False
7101690072,10.1016/j.csbj.2024.01.013,False
23984729900,10.1016/j.csbj.2024.01.013,False
56309904900,10.1016/j.csbj.2024.01.013,False
57190388232,10.1109/TKDE.2023.3310038,True
57037762100,10.1109/TKDE.2023.3310038,False
56084193000,10.1109/TKDE.2023.3310038,False
57210108787,10.1109/TKDE.2023.3310038,False
8537823200,10.1109/TKDE.2023.3310038,False
58924027200,10.1016/j.compbiomed.2024.108195,True
58924027300,10.1016/j.compbiomed.2024.108195,False
58923935000,10.1016/j.compbiomed.2024.108195,False
57216689385,10.1016/j.compbiomed.2024.108195,False
58808360400,10.1016/j.compbiomed.2024.108195,False
55816450600,10.1016/j.compbiomed.2024.108195,False
56150305600,10.1016/j.compbiomed.2024.108195,False
6603944444,10.1016/j.compbiomed.2024.108195,False
57218545987,10.1016/j.compbiomed.2024.108195,False
57216941013,10.1016/j.compbiomed.2024.108195,False
57206647167,10.1016/j.sasc.2023.200070,True
58860218400,10.1016/j.sasc.2023.200070,False
58860482600,10.1016/j.sasc.2023.200070,False
55935100600,10.1016/j.comtox.2024.100304,True
57205255769,10.1016/j.comtox.2024.100304,False
57191335413,10.1016/j.comtox.2024.100304,False
58927575900,10.1016/j.comtox.2024.100304,False
24071859600,10.1016/j.comtox.2024.100304,False
58736026900,10.1016/j.displa.2023.102625,True
57222335083,10.1016/j.displa.2023.102625,False
55913809400,10.1016/j.displa.2023.102625,False
58111278200,10.1016/j.displa.2023.102625,False
16744171800,10.1016/j.displa.2023.102625,False
58850046800,10.1016/j.displa.2023.102625,False
57220974840,10.1016/j.eswa.2023.121709,True
57218403306,10.1016/j.eswa.2023.121709,False
57217014351,10.1016/j.eswa.2023.122754,True
24337639400,10.1016/j.eswa.2023.122754,False
58651648000,10.1016/j.eswa.2023.122754,False
7402612526,10.1016/j.eswa.2023.122754,False
57205028633,10.1016/j.csbj.2024.03.015,True
7202798518,10.1016/j.csbj.2024.03.015,False
58575788400,10.1142/S0129065724500126,True
57203787545,10.1142/S0129065724500126,False
58843996700,10.1142/S0129065724500126,False
35212444900,10.1142/S0129065724500126,False
57222312742,10.1142/S0129065724500126,False
57206320467,10.1142/S0129065724500126,False
56596888100,10.1142/S0129065724500126,False
57695820100,10.1016/j.csbj.2023.12.001,True
8279062200,10.1016/j.csbj.2023.12.001,False
57211716176,10.1016/j.csbj.2023.12.001,False
57954949600,10.1016/j.csbj.2023.12.001,False
57193858315,10.1016/j.csbj.2023.12.001,False
57214271852,10.1016/j.csbj.2023.12.001,False
57208261372,10.1016/j.patcog.2023.110166,True
56820318000,10.1016/j.dsm.2023.12.002,True
57202507438,10.1016/j.cogsys.2024.101216,True
57221540494,10.1016/j.future.2024.03.012,True
58939939800,10.1016/j.future.2024.03.012,False
58940046700,10.1016/j.future.2024.03.012,False
57295738100,10.1016/j.future.2024.03.012,False
57220179863,10.1016/j.future.2024.03.012,False
24924109600,10.1016/j.eswa.2023.122050,True
57226891262,10.1016/j.eswa.2023.122050,False
58314443200,10.1016/j.eswa.2023.122050,False
57222480847,10.1016/j.eswa.2023.122050,False
58640740800,10.1016/j.eswa.2023.122050,False
58615163000,10.1016/j.eswa.2023.122050,False
58911726000,10.1016/j.compbiomed.2024.108124,True
57210924090,10.1016/j.compbiomed.2024.108124,False
58911680400,10.1016/j.compbiomed.2024.108124,False
22981802800,10.1016/j.compbiomed.2024.108124,False
7005988072,10.1016/j.compbiomed.2024.108124,False
35945445300,10.1016/j.compbiomed.2024.108124,False
6603841869,10.1016/j.compbiomed.2024.108124,False
57932048400,10.1016/j.specom.2024.103047,True
56331292000,10.1016/j.specom.2024.103047,False
7005780945,10.1016/j.specom.2024.103047,False
58829600500,10.1016/j.media.2024.103087,True
35275335900,10.1016/j.media.2024.103087,False
57201418237,10.1016/j.media.2024.103087,False
58763994900,10.1016/j.media.2024.103087,False
7405613588,10.1016/j.media.2024.103087,False
57348534100,10.1016/j.media.2024.103087,False
35484110400,10.1016/j.media.2024.103087,False
57426015000,10.1016/j.media.2024.103087,False
58832322000,10.1016/j.media.2024.103087,False
35269333200,10.1016/j.media.2024.103087,False
57211425371,10.1016/j.jmgm.2023.108669,True
55885818400,10.1016/j.jmgm.2023.108669,False
58798359000,10.1016/j.jmgm.2023.108669,False
58773671400,10.1016/j.jmgm.2023.108669,False
9335288900,10.1016/j.jmgm.2023.108669,False
7201738350,10.1016/j.jmgm.2023.108669,False
57193712476,10.1016/j.iswa.2023.200320,True
8954485900,10.1016/j.iswa.2023.200320,False
15122367300,10.1016/j.iswa.2023.200320,False
55892237000,10.1016/j.iswa.2023.200320,False
35226378800,10.1016/j.iswa.2023.200320,False
57225007309,10.1016/j.iswa.2023.200320,False
57194724290,10.1016/j.iswa.2023.200320,False
57203393579,10.1016/j.compbiomed.2024.108072,True
57222004311,10.1016/j.compbiomed.2024.108072,False
58119465500,10.1016/j.compbiomed.2024.108072,False
57217122619,10.1016/j.compbiomed.2024.108072,False
55706715900,10.1016/j.compbiomed.2024.108072,False
57226721646,10.1016/j.eswa.2023.121489,True
57203865437,10.1016/j.eswa.2023.121489,False
55195057700,10.1016/j.eswa.2023.121489,False
35147075900,10.1016/j.eswa.2023.121489,False
58633806700,10.1016/j.eswa.2023.121924,True
57219110699,10.1016/j.eswa.2023.121924,False
57195495275,10.1016/j.eswa.2023.121924,False
55466824600,10.1016/j.eswa.2023.121924,False
57221248639,10.1186/s40537-023-00857-7,True
57201904688,10.1186/s40537-023-00857-7,False
7005293297,10.1186/s40537-023-00857-7,False
43061445600,10.1186/s40537-023-00857-7,False
6603033335,10.1186/s40537-023-00857-7,False
58937751800,10.1016/j.compbiomed.2024.108256,True
58814762400,10.1016/j.compbiomed.2024.108256,False
58937751900,10.1016/j.compbiomed.2024.108256,False
58937343600,10.1016/j.compbiomed.2024.108256,False
58938405000,10.1016/j.compbiomed.2024.108256,False
58937752000,10.1016/j.compbiomed.2024.108256,False
57445415300,10.1016/j.compbiomed.2024.108256,False
57205631994,10.1016/j.compbiomed.2024.108256,False
57210964761,10.1016/j.compbiomed.2024.108256,False
57202434996,10.1021/acs.jcim.3c01810,True
58943571700,10.1021/acs.jcim.3c01810,False
58183110500,10.1021/acs.jcim.3c01810,False
58943571800,10.1021/acs.jcim.3c01810,False
56388458400,10.1021/acs.jcim.3c01810,False
57193428193,10.1021/acs.jcim.3c01810,False
7003480498,10.1021/acs.jcim.3c01810,False
7101759672,10.1021/acs.jcim.3c01810,False
57222163023,10.1016/j.conengprac.2024.105843,True
55752352700,10.1016/j.conengprac.2024.105843,False
57222357881,10.1016/j.conengprac.2024.105843,False
25930409900,10.1016/j.conengprac.2024.105843,False
35243896900,10.1016/j.conengprac.2024.105843,False
57206263296,10.1016/j.compbiomed.2024.108220,True
25921550000,10.1016/j.compbiomed.2024.108220,False
34874014100,10.1016/j.compbiomed.2024.108220,False
26021552100,10.1016/j.compbiomed.2024.108220,False
56597530900,10.1016/j.compbiomed.2024.108220,False
56905439800,10.1007/s11042-023-16751-6,True
58590896700,10.1007/s11042-023-16751-6,False
58590009300,10.1007/s11042-023-16751-6,False
58527423800,10.1016/j.bspc.2024.106040,True
57222404591,10.1016/j.bspc.2024.106040,False
57686265800,10.1016/j.bspc.2024.106040,False
57203287412,10.1016/j.bspc.2024.106040,False
56949448800,10.1016/j.bspc.2024.106040,False
57686265900,10.1016/j.bspc.2024.106040,False
57573736900,10.1016/j.bspc.2024.106040,False
57204503451,10.1016/j.bspc.2024.106040,False
58527538800,10.1016/j.bspc.2024.106040,False
58459893100,10.1016/j.bspc.2024.106040,False
8229112000,10.1016/j.bspc.2024.106040,False
57221545838,10.1016/j.csbj.2023.11.024,True
57205375693,10.1016/j.csbj.2023.11.024,False
57899749300,10.1016/j.csbj.2023.11.024,False
58188492800,10.1016/j.csbj.2023.11.024,False
57215115545,10.1016/j.csbj.2023.11.024,False
57221545344,10.1016/j.csbj.2023.11.024,False
57188645698,10.1016/j.csbj.2023.11.024,False
35315327700,10.1016/j.csbj.2023.11.024,False
7406916379,10.1016/j.csbj.2023.11.024,False
57221545847,10.1016/j.csbj.2023.11.024,False
57213066912,10.1016/j.csbj.2023.11.024,False
35237706300,10.1016/j.csbj.2023.11.024,False
58786897900,10.1016/j.eswa.2023.122841,True
8634182000,10.1016/j.eswa.2023.122841,False
57946178200,10.1016/j.eswa.2023.122841,False
57211504233,10.1016/j.eswa.2023.122841,False
56482524700,10.1016/j.eswa.2023.122841,False
58519288300,10.1016/j.eswa.2023.122841,False
57222376391,10.1016/j.eswa.2023.122841,False
57946022500,10.1016/j.eswa.2023.122841,False
58794034600,10.1007/s12530-023-09562-5,True
8329863300,10.1007/s12530-023-09562-5,False
57204158798,10.1002/widm.1525,True
57756234500,10.1002/widm.1525,False
58756328400,10.1002/widm.1525,False
36611050300,10.1002/widm.1525,False
57193415568,10.1002/widm.1525,False
57976501300,10.1002/widm.1525,False
56589224700,10.1002/widm.1525,False
56164243300,10.1002/widm.1525,False
16834549100,10.1002/widm.1525,False
56784920600,10.1002/widm.1525,False
58260277200,10.1186/s13634-023-01094-z,True
57817980900,10.1186/s13634-023-01094-z,False
57218228755,10.1021/acs.jcim.3c00870,True
56533110600,10.1021/acs.jcim.3c00870,False
55550317000,10.1038/s41746-023-00994-6,True
58086043000,10.1038/s41746-023-00994-6,False
56167239400,10.1038/s41746-023-00994-6,False
6506803487,10.1038/s41746-023-00994-6,False
58809613300,10.1038/s41746-023-00994-6,False
57913908400,10.1038/s41746-023-00994-6,False
57222029552,10.1038/s41746-023-00994-6,False
57217590446,10.1038/s41746-023-00994-6,False
6701560333,10.1038/s41746-023-00994-6,False
7101690708,10.1038/s41746-023-00994-6,False
7801327466,10.1038/s41746-023-00994-6,False
57213598713,10.1038/s41746-023-00994-6,False
6507893506,10.1038/s41746-023-00994-6,False
58810194000,10.1038/s41746-023-00994-6,False
18433968800,10.1038/s41746-023-00994-6,False
58600709000,10.1109/JBHI.2023.3311677,True
58601266300,10.1109/JBHI.2023.3311677,False
58934258800,10.1109/JBHI.2023.3311677,False
58599041600,10.1109/JBHI.2023.3311677,False
57216705603,10.1016/j.jfranklin.2024.106664,True
10641460400,10.1016/j.jfranklin.2024.106664,False
57210186210,10.1109/TPAMI.2023.3334760,True
56013451000,10.1109/TPAMI.2023.3334760,False
56066018400,10.1109/TPAMI.2023.3334760,False
55622054000,10.1109/TPAMI.2023.3334760,False
57195996978,10.1109/TPAMI.2023.3334760,False
57224899731,10.1109/TPAMI.2023.3334760,False
57702058200,10.1016/j.jnlest.2024.100234,True
56113815600,10.1016/j.jnlest.2024.100234,False
57702863300,10.1016/j.jnlest.2024.100234,False
58861355000,10.1016/j.jnlest.2024.100234,False
57565449400,10.1016/j.patcog.2023.110170,True
58017646200,10.1016/j.patcog.2023.110170,False
58523371700,10.1016/j.patcog.2023.110170,False
7202881908,10.1016/j.patcog.2023.110170,False
57203385925,10.1016/j.patcog.2023.110170,False
7102880275,10.1016/j.patcog.2023.110170,False
55364108400,10.1016/j.patcog.2023.110170,False
57225850005,10.1007/s11042-023-17013-1,True
57900656600,10.1016/j.compbiomed.2024.108201,True
58911380400,10.1016/j.compbiomed.2024.108201,False
57901259500,10.1016/j.compbiomed.2024.108201,False
58911380500,10.1016/j.compbiomed.2024.108201,False
58911426400,10.1016/j.compbiomed.2024.108201,False
57900446500,10.1016/j.compbiomed.2024.108201,False
58911380600,10.1016/j.compbiomed.2024.108201,False
57730653200,10.1016/j.compbiomed.2024.108201,False
57191971731,10.1016/j.compbiomed.2024.108201,False
58911380700,10.1016/j.compbiomed.2024.108201,False
57656692900,10.1016/j.eswa.2024.123388,True
6506420706,10.1016/j.eswa.2024.123388,False
6701648254,10.1016/j.eswa.2024.123388,False
57197992156,10.1016/j.eswa.2024.123388,False
57188759817,10.1016/j.eswa.2024.123388,False
57956991300,10.1016/j.eswa.2024.123388,False
58915176500,10.1016/j.iswa.2024.200343,True
58913976700,10.1016/j.iswa.2024.200343,False
57883556700,10.1016/j.bspc.2023.105884,True
57884306400,10.1016/j.bspc.2023.105884,False
55395369000,10.1016/j.bspc.2023.105884,False
57884306500,10.1016/j.bspc.2023.105884,False
57196413415,10.1016/j.bspc.2023.105884,False
57216895794,10.1016/j.bspc.2023.105884,False
58763641300,10.1016/j.bspc.2023.105823,True
57438851900,10.1016/j.bspc.2023.105823,False
37665240000,10.1016/j.bspc.2023.105823,False
58763882100,10.1016/j.bspc.2023.105823,False
58695167100,10.1016/j.bspc.2023.105823,False
6701460323,10.1016/j.bspc.2023.105823,False
56039325700,10.1016/j.ins.2024.120257,True
57225757647,10.1016/j.ins.2024.120257,False
15043128400,10.1016/j.ins.2024.120257,False
55195057700,10.1016/j.ins.2024.120257,False
57193815133,10.1016/j.ins.2024.120257,False
58742853100,10.1016/j.ins.2024.120257,False
35147075900,10.1016/j.ins.2024.120257,False
57218602688,10.1016/j.compbiomed.2024.108224,True
57217080107,10.1016/j.compbiomed.2024.108224,False
57218599713,10.1016/j.compbiomed.2024.108224,False
58562445400,10.1016/j.compbiomed.2024.108224,False
58927638600,10.1016/j.compbiomed.2024.108224,False
19640863500,10.1016/j.compbiomed.2024.108224,False
9534854100,10.1016/j.compbiomed.2024.108224,False
55102730300,10.1016/j.compgeo.2024.106135,True
9632939900,10.1016/j.compgeo.2024.106135,False
58872734500,10.1016/j.compgeo.2024.106135,False
7003306513,10.1016/j.compgeo.2024.106135,False
24463025700,10.1016/j.compgeo.2024.106135,False
58965688500,10.1186/s12859-024-05764-z,True
57212378191,10.1186/s12859-024-05764-z,False
35494458100,10.1186/s12859-024-05764-z,False
55934935600,10.1186/s12859-024-05764-z,False
57195586996,10.1108/VJIKMS-09-2021-0222,True
57367907500,10.1108/VJIKMS-09-2021-0222,False
57226797604,10.1108/VJIKMS-09-2021-0222,False
57219531893,10.1108/VJIKMS-09-2021-0222,False
57216965420,10.1108/VJIKMS-09-2021-0222,False
22974706300,10.1108/VJIKMS-09-2021-0222,False
57190341207,10.1016/j.bspc.2023.105793,True
56592622500,10.1016/j.bspc.2023.105793,False
57219571200,10.1002/asi.24855,True
26647940900,10.1109/TII.2023.3324940,True
57296186600,10.1109/TII.2023.3324940,False
55795726400,10.1109/TII.2023.3324940,False
57191993935,10.1186/s12859-024-05634-8,True
8212222200,10.1186/s12859-024-05634-8,False
57221445268,10.1186/s12859-024-05634-8,False
10039795600,10.1186/s12859-024-05634-8,False
23971743300,10.1186/s12859-024-05634-8,False
57841812400,10.3390/s24051686,True
7102202806,10.3390/s24051686,False
7003949766,10.3390/s24051686,False
36449520300,10.1016/j.bspc.2023.105750,True
57842457500,10.1016/j.bspc.2023.105750,False
56603389700,10.1016/j.bspc.2023.105750,False
57209332468,10.1016/j.bspc.2023.105750,False
50562422100,10.1016/j.bspc.2023.105750,False
57196154912,10.1016/j.bspc.2023.105750,False
56471146800,10.1016/j.bspc.2023.105750,False
35115326500,10.1016/j.bspc.2023.105750,False
58961107500,10.1007/s11128-024-04346-5,True
55516817200,10.1007/s11128-024-04346-5,False
56183562400,10.1007/s11128-024-04346-5,False
58960905400,10.1007/s11128-024-04346-5,False
58960060400,10.1007/s11128-024-04346-5,False
25625282000,10.1007/s11128-024-04346-5,False
57940058800,10.1109/MNET.2024.3374080,True
56024313400,10.1109/MNET.2024.3374080,False
56984958900,10.1109/MNET.2024.3374080,False
55707571100,10.1109/MNET.2024.3374080,False
58904752500,10.1109/MNET.2024.3374080,False
57201870645,10.1007/s12530-023-09559-0,True
58831529200,10.1007/s12530-023-09559-0,False
57210688875,10.1007/s12530-023-09559-0,False
57220482267,10.1007/s12530-023-09559-0,False
56139100900,10.1007/s00530-023-01240-5,True
58174748200,10.1007/s00530-023-01240-5,False
57655055300,10.1007/s00530-023-01240-5,False
8384527000,10.1007/s00530-023-01240-5,False
35107581800,10.1007/s00530-023-01240-5,False
58847586800,10.14733/cadaps.2024.S17.132-143,True
58847511300,10.14733/cadaps.2024.S17.132-143,False
58847731900,10.14733/cadaps.2024.S17.132-143,False
58847951800,10.14733/cadaps.2024.S17.132-143,False
58847656200,10.14733/cadaps.2024.S17.132-143,False
57221332078,10.1109/JBHI.2024.3368049,True
36634803600,10.1109/JBHI.2024.3368049,False
57431346100,10.1109/JBHI.2024.3368049,False
55500160900,10.1109/JBHI.2024.3368049,False
36156965100,10.1109/JBHI.2024.3368049,False
7403437153,10.1109/JBHI.2024.3368049,False
58391304700,10.1109/JBHI.2024.3368049,False
7003631036,10.1021/acs.jcim.3c01812,True
58567078600,10.1021/acs.jcim.3c01617,True
57216591230,10.1021/acs.jcim.3c01617,False
57250606000,10.1021/acs.jcim.3c01617,False
57119398400,10.1021/acs.jcim.3c01617,False
58857109000,10.2478/amns.2023.2.01470,True
57460101500,10.1016/j.micpro.2023.104987,True
57201297173,10.1016/j.micpro.2023.104987,False
54391653200,10.1016/j.micpro.2023.104987,False
35609452100,10.1016/j.micpro.2023.104987,False
58513342200,10.12694/scpe.v25i1.2296,True
58119465500,10.1109/JBHI.2023.3331975,True
57222004311,10.1109/JBHI.2023.3331975,False
57203393579,10.1109/JBHI.2023.3331975,False
57219018358,10.1109/JBHI.2023.3331975,False
57704670700,10.1109/JBHI.2023.3331975,False
55706715900,10.1109/JBHI.2023.3331975,False
57193856589,10.3390/info15010034,True
57220310916,10.1016/j.future.2023.09.024,True
36081282300,10.1016/j.future.2023.09.024,False
58883111700,10.1007/s11042-024-18298-6,True
57293296300,10.1007/s11042-024-18298-6,False
7202622372,10.1109/MITS.2023.3346842,True
56902540800,10.3934/electreng.2024004,True
58928139000,10.3934/electreng.2024004,False
57200260249,10.3934/electreng.2024004,False
57223379103,10.1007/s00778-024-00846-z,True
22733268800,10.1007/s00778-024-00846-z,False
22734937400,10.1007/s00778-024-00846-z,False
57368306900,10.1145/3641819,True
57192082427,10.1145/3641819,False
23566675900,10.1145/3641819,False
6602842479,10.1145/3641819,False
7005780945,10.1016/j.specom.2024.103039,True
57220011737,10.1016/j.specom.2024.103039,False
13608760900,10.1016/j.specom.2024.103039,False
56331292000,10.1016/j.specom.2024.103039,False
55193087000,10.1109/TAI.2024.3376319,True
55617166800,10.1109/TAI.2024.3376319,False
16229323800,10.1109/TAI.2024.3376319,False
57204637866,10.1109/TAI.2024.3376319,False
7201996437,10.1109/TAI.2024.3376319,False
58847866500,10.2478/amns.2023.2.01665,True
57193245151,10.1109/TIFS.2024.3368892,True
57188866050,10.1109/TIFS.2024.3368892,False
56120073100,10.1109/TIFS.2024.3368892,False
55222384900,10.1109/TIFS.2024.3368892,False
58197330700,10.1109/TIFS.2024.3368892,False
58908183800,10.1109/TIFS.2024.3368892,False
58197330800,10.1109/TIFS.2024.3368892,False
58197330900,10.1109/TIFS.2024.3368892,False
58197636000,10.1109/TIFS.2024.3368892,False
57420405400,10.1109/TIFS.2024.3368892,False
57190835798,10.1109/TIFS.2024.3368892,False
7101767185,10.1109/TIFS.2024.3368892,False
57917949700,10.1108/JMTM-03-2023-0114,True
57918140800,10.1108/JMTM-03-2023-0114,False
58698801700,10.1108/JMTM-03-2023-0114,False
57209223899,10.1021/acs.jcim.3c01953,True
8417985000,10.1021/acs.jcim.3c01953,False
47861564100,10.1021/acs.jcim.3c01953,False
57203690310,10.1021/acs.jcim.3c01953,False
57212672848,10.1021/acs.jcim.3c01953,False
57193056558,10.1021/acs.jcim.3c01953,False
6603320500,10.1021/acs.jcim.3c01953,False
57220698445,10.1109/ACCESS.2024.3366455,True
55560792500,10.1109/ACCESS.2024.3366455,False
56230937800,10.1109/JIOT.2024.3365714,True
58928873600,10.1109/JIOT.2024.3365714,False
57841490800,10.1109/JIOT.2024.3365714,False
56586277400,10.1109/JIOT.2024.3365714,False
57232201400,10.1109/JIOT.2024.3365714,False
57196579609,10.1109/ACCESS.2024.3362294,True
57215743365,10.1109/ACCESS.2024.3362294,False
57193563368,10.1109/ACCESS.2024.3362294,False
57216886887,10.1109/ACCESS.2024.3362294,False
35726817600,10.3390/s24041209,True
58897160900,10.3390/s24041209,False
56441810700,10.3390/s24041209,False
57201493795,10.3390/s24041209,False
57223906180,10.1007/s10851-024-01178-x,True
35622616200,10.1007/s10851-024-01178-x,False
8283963500,10.1007/s10851-024-01178-x,False
57250456700,10.1109/ACCESS.2023.3344680,True
26642725800,10.1109/ACCESS.2023.3344680,False
17434962100,10.1109/ACCESS.2023.3344680,False
57219710966,10.1109/TBIOM.2024.3377686,True
57222488610,10.1109/TBIOM.2024.3377686,False
57370565600,10.1109/TBIOM.2024.3377686,False
34870479500,10.1109/TBIOM.2024.3377686,False
16040687200,10.1109/TBIOM.2024.3377686,False
58191930600,10.1109/TBIOM.2024.3377686,False
7101767185,10.1109/TBIOM.2024.3377686,False
56748055800,10.3233/JIFS-232918,True
55863910100,10.3233/JIFS-232918,False
58897001100,10.3233/JIFS-232918,False
58477362800,10.3233/JIFS-232918,False
57733123500,10.1109/ACCESS.2024.3362247,True
7410158219,10.1109/ACCESS.2024.3362247,False
58882757300,10.1109/ACCESS.2024.3362247,False
57219789172,10.1109/TKDE.2024.3363009,True
57211142666,10.1109/TKDE.2024.3363009,False
57214351365,10.1504/IJESDF.2024.136024,True
57216892821,10.1504/IJESDF.2024.136024,False
58965177700,10.1109/TCSS.2024.3374642,True
58965451600,10.1109/TCSS.2024.3374642,False
58921588600,10.1080/09540091.2024.2323059,True
58921494700,10.1080/09540091.2024.2323059,False
57204777920,10.1080/09540091.2024.2323059,False
57208325596,10.1007/s40031-024-01006-1,True
57216585545,10.1007/s40031-024-01006-1,False
58914838400,10.1007/s40031-024-01006-1,False
58915558800,10.1007/s40031-024-01006-1,False
55797310800,10.1007/s40031-024-01006-1,False
57207269240,10.1007/s40031-024-01006-1,False
36118361900,10.1007/s40031-024-01006-1,False
57426113900,10.1016/j.cad.2023.103630,True
56202305300,10.1016/j.cad.2023.103630,False
7004151106,10.1016/j.cad.2023.103630,False
14022951100,10.1145/3624717,True
7004313812,10.1145/3624717,False
57211583553,10.1007/s41019-023-00235-6,True
57486195600,10.1007/s41019-023-00235-6,False
55800543300,10.1007/s41019-023-00235-6,False
57904750300,10.1007/s11042-023-15393-y,True
24824834500,10.1007/s11042-023-15393-y,False
7401806588,10.1007/s11042-023-15393-y,False
35212423100,10.1007/s11042-023-15393-y,False
55696014000,10.1007/s11042-023-15393-y,False
57218106668,10.1109/THMS.2023.3329536,True
55321078800,10.1109/THMS.2023.3329536,False
57188828713,10.1109/THMS.2023.3329536,False
57195775424,10.1109/THMS.2023.3329536,False
57202922022,10.1109/THMS.2023.3329536,False
23390004100,10.1109/THMS.2023.3329536,False
7102063099,10.1109/THMS.2023.3329536,False
7407054228,10.1109/THMS.2023.3329536,False
57221454068,10.1109/ACCESS.2024.3380198,True
7402276352,10.1109/ACCESS.2024.3380198,False
58835671300,10.1021/acs.jcim.3c01455,True
57192690475,10.1021/acs.jcim.3c01455,False
58883000000,10.1021/acs.jcim.3c01455,False
57216698286,10.1021/acs.jcim.3c01455,False
7404666882,10.1021/acs.jcim.3c01455,False
57210343923,10.1007/s11042-024-18691-1,True
57201682570,10.1109/ACCESS.2024.3381032,True
57694474000,10.1109/ACCESS.2024.3381032,False
53264599300,10.1109/ACCESS.2024.3381032,False
36069151100,10.1109/ACCESS.2024.3381032,False
57366497900,10.1109/ACCESS.2024.3383313,True
55845968200,10.1109/ACCESS.2024.3383313,False
7202228052,10.1109/ACCESS.2024.3383313,False
58863119200,10.1109/THMS.2024.3351138,True
57418073200,10.1109/THMS.2024.3351138,False
57225208191,10.1109/ACCESS.2023.3345452,True
26434040000,10.1109/ACCESS.2023.3345452,False
55605251600,10.1109/ACCESS.2023.3345452,False
24476050500,10.1109/ACCESS.2023.3345452,False
50861109400,10.1109/ACCESS.2023.3345452,False
55664171900,10.1109/ACCESS.2023.3345452,False
24492106800,10.1109/ACCESS.2023.3345452,False
57214945074,10.3390/s24020507,True
57542616200,10.3390/s24020507,False
57220181673,10.3390/s24020507,False
26660863200,10.3390/s24020507,False
18439025900,10.3390/s24020507,False
57215375468,10.1109/TPAMI.2024.3350049,True
56176785900,10.1109/TPAMI.2024.3350049,False
55703599800,10.1109/TPAMI.2024.3350049,False
57195075538,10.1109/TPAMI.2024.3350049,False
58812613900,10.1109/TPAMI.2024.3350049,False
57462567600,10.1007/s00521-024-09577-2,True
57195553035,10.1007/s00521-024-09577-2,False
58699855200,10.1109/TC.2023.3329943,True
56735001300,10.1109/TC.2023.3329943,False
57496917100,10.1007/s11760-024-03063-x,True
57224084178,10.1007/s11760-024-03063-x,False
53986322900,10.1007/s11760-024-03063-x,False
25822202900,10.1007/s11760-024-03063-x,False
36022338100,10.1007/s11760-024-03063-x,False
21740649500,10.1007/s11760-024-03063-x,False
7004238624,10.1007/s11760-024-03063-x,False
8561556100,10.1007/s11760-024-03063-x,False
58814446900,10.1108/IR-11-2023-0284,True
57218590257,10.1108/IR-11-2023-0284,False
58814447000,10.1108/IR-11-2023-0284,False
55513929900,10.1108/IR-11-2023-0284,False
57214357856,10.1108/IR-11-2023-0284,False
58868310500,10.1109/TKDE.2024.3359710,True
58038844900,10.1109/TKDE.2024.3359710,False
36572773000,10.1109/TKDE.2024.3359710,False
58868103200,10.1109/TKDE.2024.3359710,False
58868513200,10.1109/TKDE.2024.3359710,False
57222329683,10.1109/TKDE.2024.3359710,False
58251252100,10.1109/TKDE.2024.3359710,False
57216746679,10.1007/s11042-024-18461-z,True
57216745048,10.1007/s11042-024-18461-z,False
13607482600,10.1007/s11042-024-18461-z,False
58906727300,10.1007/s11042-024-18461-z,False
58796544700,10.1109/ACCESS.2023.3346997,True
8417025100,10.1109/ACCESS.2023.3346997,False
57214072491,10.1109/ACCESS.2023.3346997,False
58873261700,10.1109/ACCESS.2023.3346997,False
57193335925,10.1016/j.bspc.2023.105611,True
58859930300,10.1016/j.bspc.2023.105611,False
58860177700,10.1016/j.bspc.2023.105611,False
58859428400,10.1016/j.bspc.2023.105611,False
58859175000,10.1016/j.bspc.2023.105611,False
57223921260,10.1016/j.bspc.2023.105615,True
55954378200,10.1016/j.bspc.2023.105615,False
57355296500,10.1016/j.bspc.2023.105615,False
58153381100,10.3390/s24010008,True
55440346200,10.3390/s24010008,False
35772439500,10.3390/s24010008,False
13404674100,10.3390/s24010008,False
57195305974,10.1016/j.jvcir.2023.104033,True
54928181200,10.1016/j.jvcir.2023.104033,False
23020576900,10.1016/j.jvcir.2023.104033,False
57209412512,10.1016/j.jvcir.2023.104033,False
31767548100,10.1016/j.jvcir.2023.104033,False
57195807681,10.1016/j.jvcir.2023.104033,False
57220189075,10.1016/j.jvcir.2023.104033,False
23466900300,10.1016/j.jvcir.2023.104033,False
58824935000,10.3233/JIFS-231852,True
37114593300,10.3233/JIFS-231852,False
57219553707,10.1109/ACCESS.2024.3349487,True
55496671400,10.1109/ACCESS.2024.3349487,False
35976902500,10.1109/ACCESS.2024.3349487,False
7003625335,10.1109/ACCESS.2024.3349487,False
55819860600,10.1109/ACCESS.2024.3349487,False
57221705225,10.1109/TII.2023.3297139,True
24376851300,10.1109/TII.2023.3297139,False
44860895000,10.1109/TII.2023.3297139,False
55978551900,10.1109/TII.2023.3297139,False
9633620200,10.1007/s11042-023-17997-w,True
57208225853,10.1007/s11042-023-17997-w,False
58862067000,10.1109/ACCESS.2024.3357689,True
58862567100,10.1109/ACCESS.2024.3357689,False
24463903600,10.1109/ACCESS.2024.3357689,False
8857509500,10.1109/TDSC.2023.3264567,True
58871945400,10.1109/TDSC.2023.3264567,False
8886024500,10.1109/TDSC.2023.3264567,False
56948560600,10.1109/TDSC.2023.3264567,False
58193404400,10.1109/TDSC.2023.3264567,False
56227076700,10.1109/TDSC.2023.3264567,False
36538400800,10.1109/TDSC.2023.3264567,False
57742863400,10.1109/JBHI.2024.3352513,True
57194474188,10.1109/JBHI.2024.3352513,False
57764011600,10.1109/JBHI.2024.3352513,False
57208130687,10.1109/JBHI.2024.3352513,False
58038414500,10.1109/JBHI.2024.3352513,False
7003762347,10.1109/JBHI.2024.3352513,False
6507045792,10.1109/JBHI.2024.3352513,False
55211200500,10.1109/JBHI.2024.3352513,False
16549854100,10.1109/JBHI.2024.3352513,False
58234727500,10.1016/j.eswa.2023.121324,True
57657111900,10.1016/j.eswa.2023.121324,False
56402839600,10.1016/j.eswa.2023.121324,False
56871353100,10.1007/s11042-023-15959-w,True
58415661300,10.1007/s11042-023-15959-w,False
57219503860,10.1007/s11042-023-15959-w,False
58333678300,10.3233/JIFS-223030,True
25928522000,10.3233/JIFS-223030,False
57204207493,10.3233/JIFS-223030,False
25928587900,10.3233/JIFS-223030,False
58408822100,10.1007/s11042-024-18990-7,True
58543941400,10.1007/s11042-024-18990-7,False
57734203200,10.1007/s11042-024-18990-7,False
57210390156,10.1007/s11042-023-16508-1,True
56902110800,10.1007/s11042-023-16508-1,False
56091877400,10.1007/s11042-023-16508-1,False
55451797100,10.1007/s11042-023-16304-x,True
56712315000,10.1007/s11042-023-16304-x,False
26221014200,10.1007/s11042-023-16304-x,False
57215155727,10.1007/s11042-023-16304-x,False
55356190900,10.1007/s11042-023-16304-x,False
58303631300,10.1109/TCSS.2024.3355113,True
57200746122,10.1109/TCSS.2024.3355113,False
58849679900,10.1109/TCSS.2024.3355113,False
57191858030,10.1142/S0219467825500561,True
58874974200,10.1142/S0219467825500561,False
58356114200,10.1142/S0219467825500561,False
58875156600,10.1142/S0219467825500561,False
36810072800,10.1142/S0219467825500561,False
24802635400,10.3390/s24031008,True
6602217029,10.3390/s24031008,False
7003439977,10.3390/s24031008,False
6603094570,10.3390/s24031008,False
57207484373,10.1109/TMM.2024.3356029,True
57959602800,10.1109/TMM.2024.3356029,False
55969154800,10.1109/TMM.2024.3356029,False
8448272800,10.1109/TMM.2024.3356029,False
58834415000,10.1109/TMM.2024.3356029,False
57214008257,10.1109/TMM.2024.3356029,False
57202195978,10.1007/s40031-024-01027-w,True
57223594953,10.1007/s40031-024-01027-w,False
55252582600,10.1016/j.compgeo.2023.105967,True
55098049500,10.1016/j.compgeo.2023.105967,False
58753593100,10.1016/j.compgeo.2023.105967,False
6701782625,10.1016/j.compgeo.2023.105967,False
57225201724,10.1109/JIOT.2024.3358349,True
8550603900,10.1109/JIOT.2024.3358349,False
57696962200,10.1109/JIOT.2024.3358349,False
57207880544,10.1109/JIOT.2024.3358349,False
58017238000,10.1109/JIOT.2024.3358349,False
9639157500,10.1109/TNET.2024.3352029,True
36169455600,10.1109/TNET.2024.3352029,False
57207522864,10.1109/TNET.2024.3352029,False
7006334565,10.1109/TNET.2024.3352029,False
57203088302,10.1007/s11042-023-16261-5,True
58524538300,10.1007/s11042-023-16261-5,False
58610595500,10.1109/TMM.2024.3371218,True
58924881900,10.1109/TMM.2024.3371218,False
57204049333,10.1109/TMM.2024.3371218,False
55265130000,10.1109/TMM.2024.3371218,False
15847120000,10.1109/TMM.2024.3371218,False
22634069200,10.1109/TMM.2024.3371218,False
57217108394,10.1145/3633512,True
57263716600,10.1145/3633512,False
57218681102,10.1007/s11042-024-18488-2,True
57204241297,10.1007/s11042-024-18488-2,False
55445000700,10.1007/s11042-024-18488-2,False
50861161100,10.1007/s11042-024-18488-2,False
58045006000,10.1109/TSC.2024.3356728,True
58752093300,10.1109/TSC.2024.3356728,False
58564813600,10.1109/TSC.2024.3356728,False
7401797223,10.1109/TSC.2024.3356728,False
7402432020,10.1109/TSC.2024.3356728,False
56528635300,10.1109/TSC.2024.3356728,False
58044961200,10.1109/TSC.2024.3356728,False
58862389200,10.1109/JIOT.2024.3352016,True
57192918627,10.1109/JIOT.2024.3352016,False
58861895700,10.1109/JIOT.2024.3352016,False
58861643400,10.1109/JIOT.2024.3352016,False
58862641300,10.1109/JIOT.2024.3352016,False
57952802300,10.1016/j.engappai.2023.107500,True
55778231400,10.1016/j.engappai.2023.107500,False
54403917500,10.1016/j.engappai.2023.107500,False
56495385700,10.1016/j.engappai.2023.107500,False
7006898461,10.1016/j.engappai.2023.107500,False
58181563200,10.1007/s00366-023-01813-y,True
57211929328,10.1007/s00366-023-01813-y,False
6701841885,10.1016/j.commatsci.2024.112810,True
58889101100,10.1016/j.commatsci.2024.112810,False
7202386927,10.1016/j.commatsci.2024.112810,False
58889275300,10.1016/j.commatsci.2024.112810,False
58889362100,10.1016/j.commatsci.2024.112810,False
57219696064,10.1016/j.compgeo.2023.105933,True
57322958900,10.1016/j.compgeo.2023.105933,False
56425148200,10.1016/j.compgeo.2023.105933,False
57212561878,10.1016/j.compgeo.2023.105933,False
57210899175,10.1016/j.compgeo.2023.105933,False
57191283238,10.1016/j.compgeo.2023.105933,False
57189709147,10.36680/j.itcon.2024.006,True
55898811000,10.36680/j.itcon.2024.006,False
57210410589,10.36680/j.itcon.2024.006,False
58481468100,10.3390/s24041259,True
57392029600,10.3390/s24041259,False
6507488880,10.3390/s24041259,False
57007874900,10.1016/j.ascom.2024.100791,True
58872769300,10.1016/j.ascom.2024.100791,False
58872581000,10.1016/j.ascom.2024.100791,False
57213786110,10.1177/17298806241229270,True
58732653200,10.1177/17298806241229270,False
58365361900,10.1177/17298806241229270,False
57283703900,10.1177/17298806241229270,False
57283927600,10.1177/17298806241229270,False
57832493300,10.1177/17298806241229270,False
57923337300,10.1177/17298806241229270,False
58921409200,10.1177/17298806241229270,False
57221201548,10.1177/17298806241229270,False
58033275500,10.1109/JIOT.2024.3373783,True
56323991400,10.1109/JIOT.2024.3373783,False
57427316900,10.1109/JIOT.2024.3373783,False
57709845600,10.1109/JIOT.2024.3373783,False
55568520270,10.1109/JIOT.2024.3373783,False
7404158804,10.1109/JIOT.2024.3373783,False
57224683355,10.1016/j.cpc.2023.108935,True
55499243400,10.1016/j.cpc.2023.108935,False
55349872400,10.1016/j.cpc.2023.108935,False
57202222933,10.1016/j.cpc.2023.108935,False
57219311577,10.1109/TMM.2023.3312851,True
57226055240,10.1109/TMM.2023.3312851,False
57201590201,10.1109/TMM.2023.3312851,False
55825347400,10.1109/TMM.2023.3312851,False
56303521100,10.1109/TMM.2023.3312851,False
55364979300,10.1109/TMM.2023.3312851,False
57217724734,10.1109/TMI.2023.3302473,True
58597536000,10.1109/TMI.2023.3302473,False
58762503900,10.1109/TMI.2023.3302473,False
57211998742,10.1109/TMI.2023.3302473,False
57211222232,10.1109/TMI.2023.3302473,False
6602671732,10.1109/TMI.2023.3302473,False
56287884800,10.1109/TMI.2023.3302473,False
55092424400,10.1109/MIC.2023.3333199,True
57208013526,10.1109/MIC.2023.3333199,False
56023218000,10.1109/MIC.2023.3333199,False
57202983461,10.1109/MIC.2023.3333199,False
56535317400,10.1109/MIC.2023.3333199,False
57221949992,10.1109/MIC.2023.3333199,False
56571839900,10.1109/TMM.2023.3312924,True
58609404600,10.1109/TMM.2023.3312924,False
8574872000,10.1109/TMM.2023.3312924,False
55737671700,10.1109/TMM.2023.3312924,False
57218555974,10.1109/TIFS.2023.3324326,True
55725641500,10.1109/TIFS.2023.3324326,False
56439607100,10.1109/TIFS.2023.3324326,False
57222103624,10.1109/TIFS.2023.3324326,False
58237375400,10.2478/amns.2023.1.00093,True
58237866100,10.2478/amns.2023.1.00093,False
58237866200,10.2478/amns.2023.1.00093,False
58238103200,10.2478/amns.2023.1.00093,False
56678265900,10.1016/j.compgeo.2023.105934,True
58705492000,10.1016/j.compgeo.2023.105934,False
7201718150,10.1016/j.compgeo.2023.105934,False
55191034700,10.1016/j.compgeo.2023.105934,False
7003306513,10.1016/j.compgeo.2023.105934,False
57206481568,10.1007/s10115-023-01948-w,True
35368074500,10.1007/s10115-023-01948-w,False
57469251900,10.13052/jcsm2245-1439.1311,True
57469979200,10.13052/jcsm2245-1439.1311,False
56883547100,10.1109/TMM.2023.3303725,True
58534666100,10.1109/TMM.2023.3303725,False
55839736400,10.1109/TMM.2023.3303725,False
57196370079,10.1109/TMM.2023.3303725,False
36067507500,10.1109/TMM.2023.3303725,False
57305287800,10.1109/TMM.2023.3303725,False
57205654717,10.1007/s10489-023-05231-x,True
57201801048,10.1007/s10489-023-05231-x,False
56008117600,10.1007/s10489-023-05231-x,False
58536159300,10.2478/amns.2023.1.00473,True
58535548600,10.2478/amns.2023.1.00473,False
15049831100,10.1007/s00500-023-09418-9,True
56429704200,10.1007/s00500-023-09418-9,False
57211885719,10.1109/TNSE.2023.3300768,True
57194330345,10.1109/TNSE.2023.3300768,False
58509274600,10.1109/TNSE.2023.3300768,False
55750201900,10.1109/TNSE.2023.3300768,False
34769680100,10.1109/TNSE.2023.3300768,False
57201735463,10.1016/j.compag.2023.108500,True
58552611900,10.1016/j.compag.2023.108500,False
57217055027,10.1016/j.compag.2023.108500,False
7005533720,10.1016/j.compag.2023.108500,False
55636321172,10.1016/j.compag.2023.108500,False
57219785715,10.1109/TIP.2023.3333217,True
57210318214,10.1109/TIP.2023.3333217,False
57221470031,10.1109/TIP.2023.3333217,False
57216626229,10.1109/TIP.2023.3333217,False
57215313194,10.1109/TIP.2023.3333217,False
35614979700,10.1109/TIP.2023.3333217,False
56984291600,10.1109/TIP.2023.3333217,False
57218453064,10.1109/TIFS.2023.3326364,True
55417819900,10.1109/TIFS.2023.3326364,False
57209457231,10.1109/TIFS.2023.3326364,False
57217861698,10.1109/TIFS.2023.3326364,False
7404903330,10.1109/TIFS.2023.3326364,False
57752346600,10.1016/j.egyai.2023.100331,True
55699386400,10.1016/j.egyai.2023.100331,False
6508309587,10.1016/j.egyai.2023.100331,False
55210018400,10.1016/j.egyai.2023.100331,False
58675551700,10.2478/amns.2023.2.00315,True
58676477100,10.2478/amns.2023.2.00315,False
57196350081,10.1109/ACCESS.2023.3349148,True
58796189800,10.1109/ACCESS.2023.3349148,False
58795926000,10.1109/ACCESS.2023.3349148,False
58085817800,10.1002/asi.24839,True
6507380175,10.1002/asi.24839,False
56049501000,10.1002/asi.24839,False
6603458416,10.1002/asi.24839,False
23035818200,10.1002/asi.24839,False
14060977700,10.1002/asi.24839,False
58679216900,10.1016/j.cageo.2023.105479,True
58679094300,10.1016/j.cageo.2023.105479,False
55822747800,10.1016/j.cageo.2023.105479,False
36757541700,10.1016/j.cageo.2023.105479,False
58679217100,10.1016/j.cageo.2023.105479,False
23029267900,10.1016/j.cageo.2023.105479,False
55636321172,10.1007/s12559-023-10193-w,True
57214490551,10.1007/s12559-023-10193-w,False
36760594500,10.1007/s12559-023-10193-w,False
24476050500,10.1007/s12559-023-10193-w,False
57217055027,10.1007/s12559-023-10193-w,False
57200742116,10.1007/s12559-023-10193-w,False
57214882041,10.1007/s11042-023-15139-w,True
56785458500,10.1007/s11042-023-17854-w,True
58672512100,10.2478/amns.2023.2.00811,True
57195638696,10.2478/amns.2023.2.00811,False
57221263066,10.1080/15472450.2022.2106564,True
57210599867,10.1080/15472450.2022.2106564,False
57188712384,10.1080/15472450.2022.2106564,False
54894418400,10.1080/15472450.2022.2106564,False
57214116164,10.1080/15472450.2022.2106564,False
57201290691,10.1080/15472450.2022.2106564,False
57204759416,10.1016/j.bspc.2023.105465,True
23974223300,10.1016/j.bspc.2023.105465,False
57484916500,10.1109/TSG.2023.3276390,True
55103480700,10.1109/TSG.2023.3276390,False
56562426700,10.1109/TSG.2023.3276390,False
35111277800,10.1109/TSG.2023.3276390,False
55851922500,10.1109/TSG.2023.3276390,False
15848147800,10.1007/s11042-023-15714-1,True
57192588824,10.1016/j.displa.2023.102585,True
58751080200,10.1016/j.displa.2023.102585,False
56039225700,10.1016/j.displa.2023.102585,False
58751224600,10.1016/j.displa.2023.102585,False
57713631900,10.1016/j.displa.2023.102585,False
54392508000,10.1109/TLT.2023.3322128,True
57281491100,10.1109/TLT.2023.3322128,False
57202441995,10.1109/TC.2023.3326982,True
58174954100,10.1109/TC.2023.3326982,False
57948604300,10.1109/TC.2023.3326982,False
12792666700,10.1109/TC.2023.3326982,False
55774663200,10.1109/TSMC.2023.3301001,True
57204930290,10.1109/TSMC.2023.3301001,False
57447998700,10.1109/TSMC.2023.3301001,False
56854903200,10.1109/TSMC.2023.3301001,False
7402829702,10.1109/TSMC.2023.3301001,False
57854414600,10.1016/j.aei.2023.102224,True
56532645200,10.1016/j.aei.2023.102224,False
57202025250,10.1016/j.aei.2023.102224,False
57194219473,10.1016/j.aei.2023.102224,False
13610279900,10.1016/j.aei.2023.102224,False
57226847195,10.1016/j.aei.2023.102224,False
58684233600,10.2478/amns.2023.2.01066,True
57219591344,10.1109/ACCESS.2023.3349242,True
7003307457,10.1109/ACCESS.2023.3349242,False
58345085000,10.1016/j.ins.2023.119847,True
56209032800,10.1016/j.ins.2023.119847,False
57243507700,10.1016/j.ins.2023.119847,False
57491488500,10.1016/j.ins.2023.119847,False
57456745800,10.1007/s11042-023-16066-6,True
8571819900,10.1007/s11042-023-16066-6,False
55533976400,10.1007/s11042-023-16066-6,False
57225725096,10.1007/s11042-023-16066-6,False
57216410031,10.1016/j.specom.2023.103008,True
7401957018,10.1016/j.specom.2023.103008,False
56781227300,10.1016/j.specom.2023.103008,False
58256620500,10.1016/j.specom.2023.103008,False
58672348700,10.2478/amns.2023.2.00862,True
57202133852,10.1109/TLT.2023.3273926,True
55887138200,10.1109/TLT.2023.3273926,False
8707999600,10.1109/TLT.2023.3273926,False
57188763806,10.1109/TIFS.2023.3280742,True
55908650100,10.1109/TIFS.2023.3280742,False
15061841400,10.1109/TIFS.2023.3280742,False
16744366700,10.1109/TIFS.2023.3280742,False
6701728917,10.1109/TIFS.2023.3280742,False
57188868266,10.1109/TMM.2023.3301276,True
55579783400,10.1109/TMM.2023.3301276,False
57194236254,10.1109/TMM.2023.3301276,False
57194238394,10.1109/TMM.2023.3301276,False
17436184700,10.1109/TMM.2023.3301276,False
55723822100,10.1109/TMM.2023.3301276,False
55581726800,10.1109/TMM.2023.3301276,False
56075029000,10.1109/TMM.2023.3301276,False
7003734036,10.1109/TMM.2023.3301276,False
58564327400,10.1007/s10489-023-05172-5,True
57817685500,10.1007/s10489-023-05172-5,False
57196631113,10.1007/s10489-023-05172-5,False
57222724520,10.1007/s10489-023-05172-5,False
8714192600,10.1007/s10489-023-05172-5,False
15127487100,10.1007/s10489-023-05172-5,False
6602366061,10.1007/s10489-023-05172-5,False
35772623600,10.1007/s10489-023-05172-5,False
58767440400,10.1007/s10489-023-05172-5,False
57210020258,10.1016/j.bspc.2023.105502,True
57780257100,10.1016/j.bspc.2023.105502,False
58631280800,10.1016/j.bspc.2023.105502,False
57210021493,10.1016/j.bspc.2023.105502,False
55717098300,10.1016/j.bspc.2023.105502,False
58631280900,10.1016/j.bspc.2023.105502,False
57216226904,10.1016/j.bspc.2023.105502,False
57208301201,10.1016/j.bspc.2023.105502,False
57216223382,10.1016/j.bspc.2023.105502,False
57201552579,10.1016/j.aei.2023.102293,True
57210261874,10.1016/j.aei.2023.102293,False
6603845144,10.1016/j.aei.2023.102293,False
7003999554,10.1109/TBIOM.2023.3327287,True
57206263299,10.1109/TBIOM.2023.3327287,False
58621580700,10.1109/TBIOM.2023.3327287,False
57211486948,10.1109/TBIOM.2023.3327287,False
